DateTime, CO2_desert[ppm]
2025/02/01 00:00, 329.97222900390625
2025/02/01 00:15, 350.53369140625
2025/02/01 00:30, 330.685546875
2025/02/01 00:45, 333.748779296875
2025/02/01 01:00, 331.48284912109375
2025/02/01 01:15, 329.42669677734375
2025/02/01 01:30, 333.5809326171875
2025/02/01 01:45, 333.119384765625
2025/02/01 02:00, 336.51824951171875
2025/02/01 02:15, 339.37176513671875
2025/02/01 02:30, 337.0638427734375
2025/02/01 02:45, 336.72808837890625
2025/02/01 03:00, 326.7410888671875
2025/02/01 03:15, 340.46270751953125
2025/02/01 03:30, 326.86700439453125
2025/02/01 03:45, 335.091552734375
2025/02/01 04:00, 342.89654541015625
2025/02/01 04:15, 340.12701416015625
2025/02/01 04:30, 340.71453857421875
2025/02/01 04:45, 334.2943115234375
2025/02/01 05:00, 336.01470947265625
2025/02/01 05:15, 333.62286376953125
2025/02/01 05:30, 348.141845703125
2025/02/01 05:45, 328.293701171875
2025/02/01 06:00, 340.1690673828125
2025/02/01 06:15, 336.89599609375
2025/02/01 06:30, 340.2529296875
2025/02/01 06:45, 334.9656982421875
2025/02/01 07:00, 337.69329833984375
2025/02/01 07:15, 346.42138671875
2025/02/01 07:30, 333.16131591796875
2025/02/01 07:45, 328.1258544921875
2025/02/01 08:00, 342.9384765625
2025/02/01 08:15, 344.029541015625
2025/02/01 08:30, 335.0076904296875
2025/02/01 08:45, 323.34210205078125
2025/02/01 09:00, 317.5093994140625
2025/02/01 09:15, 307.43841552734375
2025/02/01 09:30, 303.03240966796875
2025/02/01 09:45, 282.13519287109375
2025/02/01 10:00, 282.63873291015625
2025/02/01 10:15, 284.94659423828125
2025/02/01 10:30, 281.96734619140625
2025/02/01 10:45, 280.54058837890625
2025/02/01 11:00, 276.51220703125
2025/02/01 11:15, 282.5128173828125
2025/02/01 11:30, 271.47674560546875
2025/02/01 11:45, 258.92999267578125
2025/02/01 12:00, 269.336669921875
2025/02/01 12:15, 261.825439453125
2025/02/01 12:30, 266.52520751953125
2025/02/01 12:45, 264.97259521484375
2025/02/01 13:00, 274.74981689453125
2025/02/01 13:15, 271.5186767578125
2025/02/01 13:30, 269.63043212890625
2025/02/01 13:45, 268.11981201171875
2025/02/01 14:00, 281.1700439453125
2025/02/01 14:15, 287.88397216796875
2025/02/01 14:30, 276.47027587890625
2025/02/01 14:45, 280.54058837890625
2025/02/01 15:00, 284.485107421875
2025/02/01 15:15, 284.27520751953125
2025/02/01 15:30, 289.47857666015625
2025/02/01 15:45, 290.19195556640625
2025/02/01 16:00, 279.02996826171875
2025/02/01 16:15, 283.31011962890625
2025/02/01 16:30, 279.70135498046875
2025/02/01 16:45, 282.8485107421875
2025/02/01 17:00, 291.57672119140625
2025/02/01 17:15, 289.35272216796875
2025/02/01 17:30, 300.76641845703125
2025/02/01 17:45, 295.1854248046875
2025/02/01 18:00, 287.71612548828125
2025/02/01 18:15, 297.87103271484375
2025/02/01 18:30, 295.98272705078125
2025/02/01 18:45, 299.38165283203125
2025/02/01 19:00, 302.7386474609375
2025/02/01 19:15, 310.24993896484375
2025/02/01 19:30, 312.0543212890625
2025/02/01 19:45, 319.02008056640625
2025/02/01 20:00, 331.1470947265625
2025/02/01 20:15, 318.642333984375
2025/02/01 20:30, 315.66302490234375
2025/02/01 20:45, 327.4124755859375
2025/02/01 21:00, 322.4189453125
2025/02/01 21:15, 317.5093994140625
2025/02/01 21:30, 323.6358642578125
2025/02/01 21:45, 337.10577392578125
2025/02/01 22:00, 323.9715576171875
2025/02/01 22:15, 325.23046875
2025/02/01 22:30, 338.99407958984375
2025/02/01 22:45, 322.04132080078125
2025/02/01 23:00, 337.0218505859375
2025/02/01 23:15, 337.10577392578125
2025/02/01 23:30, 329.636474609375
2025/02/01 23:45, 340.92437744140625
2025/02/02 00:00, 326.48931884765625
2025/02/02 00:15, 330.72747802734375
2025/02/02 00:30, 333.49700927734375
2025/02/02 00:45, 333.2032470703125
2025/02/02 01:00, 333.62286376953125
2025/02/02 01:15, 326.86700439453125
2025/02/02 01:30, 325.65008544921875
2025/02/02 01:45, 336.0986328125
2025/02/02 02:00, 328.54547119140625
2025/02/02 02:15, 334.9656982421875
2025/02/02 02:30, 342.89654541015625
2025/02/02 02:45, 337.94500732421875
2025/02/02 03:00, 336.97991943359375
2025/02/02 03:15, 324.55908203125
2025/02/02 03:30, 336.14068603515625
2025/02/02 03:45, 339.37176513671875
2025/02/02 04:00, 334.6300048828125
2025/02/02 04:15, 345.07861328125
2025/02/02 04:30, 336.3504638671875
2025/02/02 04:45, 342.39300537109375
2025/02/02 05:00, 340.33685302734375
2025/02/02 05:15, 333.70684814453125
2025/02/02 05:30, 342.77069091796875
2025/02/02 05:45, 347.17669677734375
2025/02/02 06:00, 337.273681640625
2025/02/02 06:15, 342.26715087890625
2025/02/02 06:30, 341.17608642578125
2025/02/02 06:45, 330.1820068359375
2025/02/02 07:00, 353.5130615234375
2025/02/02 07:15, 343.400146484375
2025/02/02 07:30, 337.44146728515625
2025/02/02 07:45, 343.81976318359375
2025/02/02 08:00, 330.26593017578125
2025/02/02 08:15, 332.28009033203125
2025/02/02 08:30, 334.3782958984375
2025/02/02 08:45, 316.16656494140625
2025/02/02 09:00, 314.86578369140625
2025/02/02 09:15, 303.326171875
2025/02/02 09:30, 290.611572265625
2025/02/02 09:45, 310.459716796875
2025/02/02 10:00, 293.54888916015625
2025/02/02 10:15, 290.569580078125
2025/02/02 10:30, 288.93310546875
2025/02/02 10:45, 280.54058837890625
2025/02/02 11:00, 275.75689697265625
2025/02/02 11:15, 279.36566162109375
2025/02/02 11:30, 281.75750732421875
2025/02/02 11:45, 275.0435791015625
2025/02/02 12:00, 267.02874755859375
2025/02/02 12:15, 264.59490966796875
2025/02/02 12:30, 272.106201171875
2025/02/02 12:45, 274.162353515625
2025/02/02 13:00, 285.072509765625
2025/02/02 13:15, 274.91766357421875
2025/02/02 13:30, 274.24627685546875
2025/02/02 13:45, 269.8822021484375
2025/02/02 14:00, 284.90472412109375
2025/02/02 14:15, 268.4554443359375
2025/02/02 14:30, 274.53997802734375
2025/02/02 14:45, 281.5057373046875
2025/02/02 15:00, 267.7420654296875
2025/02/02 15:15, 280.4566650390625
2025/02/02 15:30, 270.80535888671875
2025/02/02 15:45, 277.0577392578125
2025/02/02 16:00, 294.22027587890625
2025/02/02 16:15, 284.401123046875
2025/02/02 16:30, 283.39404296875
2025/02/02 16:45, 286.58319091796875
2025/02/02 17:00, 278.48443603515625
2025/02/02 17:15, 293.75872802734375
2025/02/02 17:30, 282.59674072265625
2025/02/02 17:45, 283.771728515625
2025/02/02 18:00, 287.25457763671875
2025/02/02 18:15, 287.3804931640625
2025/02/02 18:30, 293.6748046875
2025/02/02 18:45, 306.97686767578125
2025/02/02 19:00, 302.7386474609375
2025/02/02 19:15, 302.86456298828125
2025/02/02 19:30, 324.55908203125
2025/02/02 19:45, 306.5152587890625
2025/02/02 20:00, 315.285400390625
2025/02/02 20:15, 315.0755615234375
2025/02/02 20:30, 320.44671630859375
2025/02/02 20:45, 329.8043212890625
2025/02/02 21:00, 314.53009033203125
2025/02/02 21:15, 323.3001708984375
2025/02/02 21:30, 321.5377197265625
2025/02/02 21:45, 327.70623779296875
2025/02/02 22:00, 330.349853515625
2025/02/02 22:15, 338.99407958984375
2025/02/02 22:30, 332.2381591796875
2025/02/02 22:45, 337.189697265625
2025/02/02 23:00, 326.11163330078125
2025/02/02 23:15, 317.4674072265625
2025/02/02 23:30, 335.30133056640625
2025/02/02 23:45, 333.4130859375
2025/02/03 00:00, 324.89471435546875
2025/02/03 00:15, 330.72747802734375
2025/02/03 00:30, 331.94439697265625
2025/02/03 00:45, 323.0064697265625
2025/02/03 01:00, 328.62939453125
2025/02/03 01:15, 337.23162841796875
2025/02/03 01:30, 329.678466796875
2025/02/03 01:45, 327.83209228515625
2025/02/03 02:00, 342.26715087890625
2025/02/03 02:15, 331.39886474609375
2025/02/03 02:30, 328.4615478515625
2025/02/03 02:45, 332.95147705078125
2025/02/03 03:00, 331.94439697265625
2025/02/03 03:15, 333.5809326171875
2025/02/03 03:30, 326.15362548828125
2025/02/03 03:45, 331.5247802734375
2025/02/03 04:00, 336.0986328125
2025/02/03 04:15, 336.6861572265625
2025/02/03 04:30, 330.685546875
2025/02/03 04:45, 324.09747314453125
2025/02/03 05:00, 346.2955322265625
2025/02/03 05:15, 328.4615478515625
2025/02/03 05:30, 326.19561767578125
2025/02/03 05:45, 340.46270751953125
2025/02/03 06:00, 334.8817138671875
2025/02/03 06:15, 336.3084716796875
2025/02/03 06:30, 340.294921875
2025/02/03 06:45, 350.0721435546875
2025/02/03 07:00, 341.3858642578125
2025/02/03 07:15, 333.9166259765625
2025/02/03 07:30, 344.029541015625
2025/02/03 07:45, 337.6512451171875
2025/02/03 08:00, 336.26654052734375
2025/02/03 08:15, 323.8037109375
2025/02/03 08:30, 313.81671142578125
2025/02/03 08:45, 319.06195068359375
2025/02/03 09:00, 309.9141845703125
2025/02/03 09:15, 316.04071044921875
2025/02/03 09:30, 309.36871337890625
2025/02/03 09:45, 302.27703857421875
2025/02/03 10:00, 297.32550048828125
2025/02/03 10:15, 290.14996337890625
2025/02/03 10:30, 290.14996337890625
2025/02/03 10:45, 291.32489013671875
2025/02/03 11:00, 286.7509765625
2025/02/03 11:15, 276.84796142578125
2025/02/03 11:30, 286.20550537109375
2025/02/03 11:45, 272.777587890625
2025/02/03 12:00, 268.20367431640625
2025/02/03 12:15, 271.09906005859375
2025/02/03 12:30, 284.401123046875
2025/02/03 12:45, 275.7149658203125
2025/02/03 13:00, 280.66650390625
2025/02/03 13:15, 279.7852783203125
2025/02/03 13:30, 270.38568115234375
2025/02/03 13:45, 272.39990234375
2025/02/03 14:00, 272.9034423828125
2025/02/03 14:15, 267.57427978515625
2025/02/03 14:30, 282.59674072265625
2025/02/03 14:45, 279.575439453125
2025/02/03 15:00, 289.7723388671875
2025/02/03 15:15, 274.9595947265625
2025/02/03 15:30, 280.03704833984375
2025/02/03 15:45, 285.03057861328125
2025/02/03 16:00, 283.100341796875
2025/02/03 16:15, 279.4495849609375
2025/02/03 16:30, 274.9595947265625
2025/02/03 16:45, 275.21142578125
2025/02/03 17:00, 282.1771240234375
2025/02/03 17:15, 270.93121337890625
2025/02/03 17:30, 275.0015869140625
2025/02/03 17:45, 291.1151123046875
2025/02/03 18:00, 281.673583984375
2025/02/03 18:15, 301.22802734375
2025/02/03 18:30, 297.493408203125
2025/02/03 18:45, 304.8787841796875
2025/02/03 19:00, 306.59918212890625
2025/02/03 19:15, 305.42425537109375
2025/02/03 19:30, 310.1240234375
2025/02/03 19:45, 318.3486328125
2025/02/03 20:00, 319.14593505859375
2025/02/03 20:15, 322.50286865234375
2025/02/03 20:30, 324.97869873046875
2025/02/03 20:45, 330.979248046875
2025/02/03 21:00, 318.30670166015625
2025/02/03 21:15, 338.53253173828125
2025/02/03 21:30, 327.83209228515625
2025/02/03 21:45, 321.6217041015625
2025/02/03 22:00, 317.005859375
2025/02/03 22:15, 334.6300048828125
2025/02/03 22:30, 328.04193115234375
2025/02/03 22:45, 329.636474609375
2025/02/03 23:00, 328.7972412109375
2025/02/03 23:15, 325.56610107421875
2025/02/03 23:30, 332.99346923828125
2025/02/03 23:45, 338.15484619140625
2025/02/04 00:00, 325.90185546875
2025/02/04 00:15, 330.72747802734375
2025/02/04 00:30, 334.08453369140625
2025/02/04 00:45, 327.79010009765625
2025/02/04 01:00, 333.748779296875
2025/02/04 01:15, 333.077392578125
2025/02/04 01:30, 336.3504638671875
2025/02/04 01:45, 343.77783203125
2025/02/04 02:00, 338.15484619140625
2025/02/04 02:15, 339.49761962890625
2025/02/04 02:30, 325.146484375
2025/02/04 02:45, 338.07086181640625
2025/02/04 03:00, 330.2239990234375
2025/02/04 03:15, 334.79791259765625
2025/02/04 03:30, 330.8953857421875
2025/02/04 03:45, 335.76300048828125
2025/02/04 04:00, 332.6158447265625
2025/02/04 04:15, 335.88885498046875
2025/02/04 04:30, 346.9249267578125
2025/02/04 04:45, 327.3704833984375
2025/02/04 05:00, 346.96685791015625
2025/02/04 05:15, 336.6441650390625
2025/02/04 05:30, 332.74169921875
2025/02/04 05:45, 332.447998046875
2025/02/04 06:00, 326.95086669921875
2025/02/04 06:15, 339.87530517578125
2025/02/04 06:30, 339.11993408203125
2025/02/04 06:45, 336.97991943359375
2025/02/04 07:00, 336.97991943359375
2025/02/04 07:15, 335.9727783203125
2025/02/04 07:30, 340.630615234375
2025/02/04 07:45, 340.08514404296875
2025/02/04 08:00, 338.1129150390625
2025/02/04 08:15, 339.03607177734375
2025/02/04 08:30, 314.48809814453125
2025/02/04 08:45, 323.7198486328125
2025/02/04 09:00, 323.3001708984375
2025/02/04 09:15, 310.459716796875
2025/02/04 09:30, 302.99041748046875
2025/02/04 09:45, 291.70257568359375
2025/02/04 10:00, 302.44488525390625
2025/02/04 10:15, 283.47796630859375
2025/02/04 10:30, 284.5269775390625
2025/02/04 10:45, 296.108642578125
2025/02/04 11:00, 289.18487548828125
2025/02/04 11:15, 277.30950927734375
2025/02/04 11:30, 288.89111328125
2025/02/04 11:45, 277.3934326171875
2025/02/04 12:00, 280.41473388671875
2025/02/04 12:15, 282.302978515625
2025/02/04 12:30, 274.833740234375
2025/02/04 12:45, 281.58966064453125
2025/02/04 13:00, 278.65234375
2025/02/04 13:15, 289.5625
2025/02/04 13:30, 277.51934814453125
2025/02/04 13:45, 281.631591796875
2025/02/04 14:00, 282.59674072265625
2025/02/04 14:15, 276.6800537109375
2025/02/04 14:30, 283.5618896484375
2025/02/04 14:45, 277.60321044921875
2025/02/04 15:00, 283.016357421875
2025/02/04 15:15, 277.14166259765625
2025/02/04 15:30, 288.09381103515625
2025/02/04 15:45, 281.631591796875
2025/02/04 16:00, 290.69549560546875
2025/02/04 16:15, 280.75042724609375
2025/02/04 16:30, 288.0098876953125
2025/02/04 16:45, 295.85687255859375
2025/02/04 17:00, 295.1854248046875
2025/02/04 17:15, 291.61865234375
2025/02/04 17:30, 282.93243408203125
2025/02/04 17:45, 296.48626708984375
2025/02/04 18:00, 286.7509765625
2025/02/04 18:15, 295.81488037109375
2025/02/04 18:30, 297.493408203125
2025/02/04 18:45, 307.690185546875
2025/02/04 19:00, 309.746337890625
2025/02/04 19:15, 301.60565185546875
2025/02/04 19:30, 318.054931640625
2025/02/04 19:45, 318.43255615234375
2025/02/04 20:00, 317.2156982421875
2025/02/04 20:15, 312.3060302734375
2025/02/04 20:30, 317.67724609375
2025/02/04 20:45, 330.5177001953125
2025/02/04 21:00, 320.2369384765625
2025/02/04 21:15, 323.09033203125
2025/02/04 21:30, 330.01409912109375
2025/02/04 21:45, 325.77593994140625
2025/02/04 22:00, 328.37762451171875
2025/02/04 22:15, 332.5318603515625
2025/02/04 22:30, 327.11871337890625
2025/02/04 22:45, 320.82440185546875
2025/02/04 23:00, 339.24591064453125
2025/02/04 23:15, 333.03546142578125
2025/02/04 23:30, 345.7919921875
2025/02/04 23:45, 328.54547119140625
2025/02/05 00:00, 331.1890869140625
2025/02/05 00:15, 334.00054931640625
2025/02/05 00:30, 324.22332763671875
2025/02/05 00:45, 329.678466796875
2025/02/05 01:00, 335.42730712890625
2025/02/05 01:15, 339.37176513671875
2025/02/05 01:30, 328.41961669921875
2025/02/05 01:45, 336.3084716796875
2025/02/05 02:00, 333.32916259765625
2025/02/05 02:15, 324.60101318359375
2025/02/05 02:30, 334.58807373046875
2025/02/05 02:45, 329.25885009765625
2025/02/05 03:00, 332.2381591796875
2025/02/05 03:15, 333.2452392578125
2025/02/05 03:30, 334.8817138671875
2025/02/05 03:45, 337.7352294921875
2025/02/05 04:00, 332.11224365234375
2025/02/05 04:15, 332.65777587890625
2025/02/05 04:30, 328.54547119140625
2025/02/05 04:45, 330.26593017578125
2025/02/05 05:00, 325.48223876953125
2025/02/05 05:15, 334.58807373046875
2025/02/05 05:30, 328.20977783203125
2025/02/05 05:45, 332.99346923828125
2025/02/05 06:00, 333.4130859375
2025/02/05 06:15, 340.92437744140625
2025/02/05 06:30, 331.65069580078125
2025/02/05 06:45, 345.2464599609375
2025/02/05 07:00, 341.30206298828125
2025/02/05 07:15, 335.67901611328125
2025/02/05 07:30, 329.8043212890625
2025/02/05 07:45, 340.37884521484375
2025/02/05 08:00, 327.3704833984375
2025/02/05 08:15, 318.5164794921875
2025/02/05 08:30, 329.88824462890625
2025/02/05 08:45, 313.900634765625
2025/02/05 09:00, 311.2989501953125
2025/02/05 09:15, 308.6134033203125
2025/02/05 09:30, 305.634033203125
2025/02/05 09:45, 297.70318603515625
2025/02/05 10:00, 290.27587890625
2025/02/05 10:15, 292.8355712890625
2025/02/05 10:30, 282.80657958984375
2025/02/05 10:45, 269.336669921875
2025/02/05 11:00, 277.98095703125
2025/02/05 11:15, 280.07904052734375
2025/02/05 11:30, 279.953125
2025/02/05 11:45, 273.15521240234375
2025/02/05 12:00, 268.03582763671875
2025/02/05 12:15, 269.75628662109375
2025/02/05 12:30, 269.75628662109375
2025/02/05 12:45, 269.966064453125
2025/02/05 13:00, 268.74920654296875
2025/02/05 13:15, 279.1138916015625
2025/02/05 13:30, 274.3721923828125
2025/02/05 13:45, 266.2314453125
2025/02/05 14:00, 272.31597900390625
2025/02/05 14:15, 275.8828125
2025/02/05 14:30, 274.120361328125
2025/02/05 14:45, 288.89111328125
2025/02/05 15:00, 280.330810546875
2025/02/05 15:15, 277.64520263671875
2025/02/05 15:30, 290.14996337890625
2025/02/05 15:45, 283.81365966796875
2025/02/05 16:00, 284.82073974609375
2025/02/05 16:15, 288.09381103515625
2025/02/05 16:30, 290.569580078125
2025/02/05 16:45, 302.7386474609375
2025/02/05 17:00, 290.65350341796875
2025/02/05 17:15, 293.00341796875
2025/02/05 17:30, 281.88336181640625
2025/02/05 17:45, 293.08734130859375
2025/02/05 18:00, 288.47149658203125
2025/02/05 18:15, 293.5069580078125
2025/02/05 18:30, 301.43780517578125
2025/02/05 18:45, 309.41064453125
2025/02/05 19:00, 311.71856689453125
2025/02/05 19:15, 320.99224853515625
2025/02/05 19:30, 307.98394775390625
2025/02/05 19:45, 315.285400390625
2025/02/05 20:00, 314.82379150390625
2025/02/05 20:15, 311.59271240234375
2025/02/05 20:30, 315.62109375
2025/02/05 20:45, 323.50994873046875
2025/02/05 21:00, 328.7972412109375
2025/02/05 21:15, 326.65716552734375
2025/02/05 21:30, 328.71331787109375
2025/02/05 21:45, 326.36346435546875
2025/02/05 22:00, 321.70562744140625
2025/02/05 22:15, 323.04840087890625
2025/02/05 22:30, 323.25823974609375
2025/02/05 22:45, 320.48870849609375
2025/02/05 23:00, 331.692626953125
2025/02/05 23:15, 317.76116943359375
2025/02/05 23:30, 323.845703125
2025/02/05 23:45, 334.21038818359375
2025/02/06 00:00, 323.468017578125
2025/02/06 00:15, 334.58807373046875
2025/02/06 00:30, 323.7198486328125
2025/02/06 00:45, 332.28009033203125
2025/02/06 01:00, 330.60162353515625
2025/02/06 01:15, 320.48870849609375
2025/02/06 01:30, 325.44024658203125
2025/02/06 01:45, 326.32147216796875
2025/02/06 02:00, 327.53839111328125
2025/02/06 02:15, 318.8101806640625
2025/02/06 02:30, 330.2239990234375
2025/02/06 02:45, 324.89471435546875
2025/02/06 03:00, 336.39239501953125
2025/02/06 03:15, 318.726318359375
2025/02/06 03:30, 332.0703125
2025/02/06 03:45, 324.3492431640625
2025/02/06 04:00, 321.411865234375
2025/02/06 04:15, 328.7972412109375
2025/02/06 04:30, 337.3995361328125
2025/02/06 04:45, 332.15423583984375
2025/02/06 05:00, 322.58685302734375
2025/02/06 05:15, 320.36285400390625
2025/02/06 05:30, 328.251708984375
2025/02/06 05:45, 330.81146240234375
2025/02/06 06:00, 330.05609130859375
2025/02/06 06:15, 328.1678466796875
2025/02/06 06:30, 340.7984619140625
2025/02/06 06:45, 329.25885009765625
2025/02/06 07:00, 324.09747314453125
2025/02/06 07:15, 330.1820068359375
2025/02/06 07:30, 334.2523193359375
2025/02/06 07:45, 342.1832275390625
2025/02/06 08:00, 326.86700439453125
2025/02/06 08:15, 321.70562744140625
2025/02/06 08:30, 317.5093994140625
2025/02/06 08:45, 317.67724609375
2025/02/06 09:00, 305.8438720703125
2025/02/06 09:15, 296.2764892578125
2025/02/06 09:30, 296.61212158203125
2025/02/06 09:45, 288.0098876953125
2025/02/06 10:00, 282.5128173828125
2025/02/06 10:15, 284.10736083984375
2025/02/06 10:30, 280.7923583984375
2025/02/06 10:45, 292.667724609375
2025/02/06 11:00, 275.58905029296875
2025/02/06 11:15, 286.7509765625
2025/02/06 11:30, 277.68719482421875
2025/02/06 11:45, 277.89697265625
2025/02/06 12:00, 272.60968017578125
2025/02/06 12:15, 275.54705810546875
2025/02/06 12:30, 273.02935791015625
2025/02/06 12:45, 272.064208984375
2025/02/06 13:00, 269.378662109375
2025/02/06 13:15, 276.889892578125
2025/02/06 13:30, 270.763427734375
2025/02/06 13:45, 274.120361328125
2025/02/06 14:00, 271.350830078125
2025/02/06 14:15, 280.41473388671875
2025/02/06 14:30, 269.42059326171875
2025/02/06 14:45, 273.23919677734375
2025/02/06 15:00, 281.88336181640625
2025/02/06 15:15, 270.34381103515625
2025/02/06 15:30, 286.41534423828125
2025/02/06 15:45, 289.47857666015625
2025/02/06 16:00, 284.69488525390625
2025/02/06 16:15, 281.5057373046875
2025/02/06 16:30, 289.26873779296875
2025/02/06 16:45, 278.86212158203125
2025/02/06 17:00, 282.5128173828125
2025/02/06 17:15, 280.288818359375
2025/02/06 17:30, 284.27520751953125
2025/02/06 17:45, 301.94140625
2025/02/06 18:00, 286.87689208984375
2025/02/06 18:15, 280.246826171875
2025/02/06 18:30, 288.0098876953125
2025/02/06 18:45, 296.31842041015625
2025/02/06 19:00, 296.024658203125
2025/02/06 19:15, 292.87750244140625
2025/02/06 19:30, 311.00518798828125
2025/02/06 19:45, 313.3970947265625
2025/02/06 20:00, 306.8929443359375
2025/02/06 20:15, 322.9644775390625
2025/02/06 20:30, 304.4591064453125
2025/02/06 20:45, 330.64361572265625
2025/02/06 21:00, 317.8450927734375
2025/02/06 21:15, 326.11163330078125
2025/02/06 21:30, 328.7972412109375
2025/02/06 21:45, 332.2381591796875
2025/02/06 22:00, 320.65655517578125
2025/02/06 22:15, 324.3912353515625
2025/02/06 22:30, 324.47509765625
2025/02/06 22:45, 312.0123291015625
2025/02/06 23:00, 327.4544677734375
2025/02/06 23:15, 334.9656982421875
2025/02/06 23:30, 335.46923828125
2025/02/06 23:45, 324.51708984375
2025/02/07 00:00, 328.04193115234375
2025/02/07 00:15, 327.28662109375
2025/02/07 00:30, 332.69976806640625
2025/02/07 00:45, 326.65716552734375
2025/02/07 01:00, 333.95855712890625
2025/02/07 01:15, 321.32794189453125
2025/02/07 01:30, 338.23876953125
2025/02/07 01:45, 320.36285400390625
2025/02/07 02:00, 323.38409423828125
2025/02/07 02:15, 343.1483154296875
2025/02/07 02:30, 327.24462890625
2025/02/07 02:45, 328.1678466796875
2025/02/07 03:00, 327.622314453125
2025/02/07 03:15, 329.5526123046875
2025/02/07 03:30, 340.4207763671875
2025/02/07 03:45, 334.33624267578125
2025/02/07 04:00, 328.54547119140625
2025/02/07 04:15, 338.78424072265625
2025/02/07 04:30, 339.58154296875
2025/02/07 04:45, 334.21038818359375
2025/02/07 05:00, 339.0780029296875
2025/02/07 05:15, 340.4207763671875
2025/02/07 05:30, 343.2742919921875
2025/02/07 05:45, 347.470458984375
2025/02/07 06:00, 329.42669677734375
2025/02/07 06:15, 345.62408447265625
2025/02/07 06:30, 338.28070068359375
2025/02/07 06:45, 343.2742919921875
2025/02/07 07:00, 351.41497802734375
2025/02/07 07:15, 338.28070068359375
2025/02/07 07:30, 348.43560791015625
2025/02/07 07:45, 331.8184814453125
2025/02/07 08:00, 333.2032470703125
2025/02/07 08:15, 326.53125
2025/02/07 08:30, 330.55963134765625
2025/02/07 08:45, 313.0614013671875
2025/02/07 09:00, 307.81610107421875
2025/02/07 09:15, 305.004638671875
2025/02/07 09:30, 300.6405029296875
2025/02/07 09:45, 285.408203125
2025/02/07 10:00, 298.75225830078125
2025/02/07 10:15, 290.611572265625
2025/02/07 10:30, 293.63287353515625
2025/02/07 10:45, 282.8485107421875
2025/02/07 11:00, 274.4560546875
2025/02/07 11:15, 278.19073486328125
2025/02/07 11:30, 257.46136474609375
2025/02/07 11:45, 277.2255859375
2025/02/07 12:00, 270.93121337890625
2025/02/07 12:15, 264.46905517578125
2025/02/07 12:30, 271.68658447265625
2025/02/07 12:45, 270.59552001953125
2025/02/07 13:00, 278.52642822265625
2025/02/07 13:15, 282.80657958984375
2025/02/07 13:30, 270.763427734375
2025/02/07 13:45, 274.4140625
2025/02/07 14:00, 286.33135986328125
2025/02/07 14:15, 285.9957275390625
2025/02/07 14:30, 285.49212646484375
2025/02/07 14:45, 281.25396728515625
2025/02/07 15:00, 281.25396728515625
2025/02/07 15:15, 283.43597412109375
2025/02/07 15:30, 290.31787109375
2025/02/07 15:45, 281.58966064453125
2025/02/07 16:00, 284.65289306640625
2025/02/07 16:15, 279.74334716796875
2025/02/07 16:30, 280.91827392578125
2025/02/07 16:45, 276.80596923828125
2025/02/07 17:00, 276.17657470703125
2025/02/07 17:15, 269.5045166015625
2025/02/07 17:30, 281.96734619140625
2025/02/07 17:45, 285.86981201171875
2025/02/07 18:00, 285.827880859375
2025/02/07 18:15, 293.6748046875
2025/02/07 18:30, 296.61212158203125
2025/02/07 18:45, 305.25640869140625
2025/02/07 19:00, 303.4100341796875
2025/02/07 19:15, 312.7257080078125
2025/02/07 19:30, 305.75994873046875
2025/02/07 19:45, 307.1446533203125
2025/02/07 20:00, 323.7198486328125
2025/02/07 20:15, 313.98455810546875
2025/02/07 20:30, 313.6907958984375
2025/02/07 20:45, 314.65594482421875
2025/02/07 21:00, 319.5655517578125
2025/02/07 21:15, 333.2032470703125
2025/02/07 21:30, 324.22332763671875
2025/02/07 21:45, 326.86700439453125
2025/02/07 22:00, 336.6441650390625
2025/02/07 22:15, 321.83148193359375
2025/02/07 22:30, 325.9857177734375
2025/02/07 22:45, 327.20269775390625
2025/02/07 23:00, 335.217529296875
2025/02/07 23:15, 325.6920166015625
2025/02/07 23:30, 322.75469970703125
2025/02/07 23:45, 331.31500244140625
2025/02/08 00:00, 327.11871337890625
2025/02/08 00:15, 342.8126220703125
2025/02/08 00:30, 331.31500244140625
2025/02/08 00:45, 335.2593994140625
2025/02/08 01:00, 329.636474609375
2025/02/08 01:15, 330.81146240234375
2025/02/08 01:30, 324.3912353515625
2025/02/08 01:45, 324.43316650390625
2025/02/08 02:00, 317.341552734375
2025/02/08 02:15, 324.76885986328125
2025/02/08 02:30, 328.923095703125
2025/02/08 02:45, 324.6429443359375
2025/02/08 03:00, 330.01409912109375
2025/02/08 03:15, 332.11224365234375
2025/02/08 03:30, 329.007080078125
2025/02/08 03:45, 335.55316162109375
2025/02/08 04:00, 324.51708984375
2025/02/08 04:15, 336.77008056640625
2025/02/08 04:30, 337.48345947265625
2025/02/08 04:45, 342.30908203125
2025/02/08 05:00, 327.9580078125
2025/02/08 05:15, 329.93023681640625
2025/02/08 05:30, 345.9178466796875
2025/02/08 05:45, 339.24591064453125
2025/02/08 06:00, 333.077392578125
2025/02/08 06:15, 341.595703125
2025/02/08 06:30, 343.064453125
2025/02/08 06:45, 329.636474609375
2025/02/08 07:00, 321.70562744140625
2025/02/08 07:15, 331.31500244140625
2025/02/08 07:30, 343.48406982421875
2025/02/08 07:45, 327.49639892578125
2025/02/08 08:00, 332.82562255859375
2025/02/08 08:15, 325.85986328125
2025/02/08 08:30, 317.71917724609375
2025/02/08 08:45, 305.38226318359375
2025/02/08 09:00, 299.21380615234375
2025/02/08 09:15, 295.10150146484375
2025/02/08 09:30, 300.26287841796875
2025/02/08 09:45, 293.4649658203125
2025/02/08 10:00, 286.54119873046875
2025/02/08 10:15, 280.8343505859375
2025/02/08 10:30, 282.09320068359375
2025/02/08 10:45, 279.36566162109375
2025/02/08 11:00, 277.30950927734375
2025/02/08 11:15, 274.91766357421875
2025/02/08 11:30, 268.07781982421875
2025/02/08 11:45, 275.21142578125
2025/02/08 12:00, 265.47613525390625
2025/02/08 12:15, 275.96673583984375
2025/02/08 12:30, 273.490966796875
2025/02/08 12:45, 284.10736083984375
2025/02/08 13:00, 284.27520751953125
2025/02/08 13:15, 277.68719482421875
2025/02/08 13:30, 274.79180908203125
2025/02/08 13:45, 266.94482421875
2025/02/08 14:00, 267.4483642578125
2025/02/08 14:15, 270.97320556640625
2025/02/08 14:30, 276.6800537109375
2025/02/08 14:45, 271.728515625
2025/02/08 15:00, 285.2403564453125
2025/02/08 15:15, 289.898193359375
2025/02/08 15:30, 281.21197509765625
2025/02/08 15:45, 290.82135009765625
2025/02/08 16:00, 285.827880859375
2025/02/08 16:15, 287.3385009765625
2025/02/08 16:30, 281.5477294921875
2025/02/08 16:45, 296.5701904296875
2025/02/08 17:00, 282.97442626953125
2025/02/08 17:15, 274.2882080078125
2025/02/08 17:30, 286.9608154296875
2025/02/08 17:45, 288.47149658203125
2025/02/08 18:00, 298.54241943359375
2025/02/08 18:15, 294.5560302734375
2025/02/08 18:30, 298.794189453125
2025/02/08 18:45, 305.676025390625
2025/02/08 19:00, 300.85040283203125
2025/02/08 19:15, 301.98333740234375
2025/02/08 19:30, 303.7877197265625
2025/02/08 19:45, 303.87164306640625
2025/02/08 20:00, 323.88763427734375
2025/02/08 20:15, 313.48101806640625
2025/02/08 20:30, 315.53717041015625
2025/02/08 20:45, 325.3143310546875
2025/02/08 21:00, 319.10394287109375
2025/02/08 21:15, 322.04132080078125
2025/02/08 21:30, 321.99932861328125
2025/02/08 21:45, 323.34210205078125
2025/02/08 22:00, 329.72039794921875
2025/02/08 22:15, 324.6849365234375
2025/02/08 22:30, 325.90185546875
2025/02/08 22:45, 325.77593994140625
2025/02/08 23:00, 325.7340087890625
2025/02/08 23:15, 326.7410888671875
2025/02/08 23:30, 322.6287841796875
2025/02/08 23:45, 332.9095458984375
2025/02/09 00:00, 335.5950927734375
2025/02/09 00:15, 322.4609375
2025/02/09 00:30, 327.0767822265625
2025/02/09 00:45, 336.81201171875
2025/02/09 01:00, 340.33685302734375
2025/02/09 01:15, 338.8262939453125
2025/02/09 01:30, 334.2523193359375
2025/02/09 01:45, 338.78424072265625
2025/02/09 02:00, 327.0767822265625
2025/02/09 02:15, 332.82562255859375
2025/02/09 02:30, 330.685546875
2025/02/09 02:45, 333.87469482421875
2025/02/09 03:00, 332.86761474609375
2025/02/09 03:15, 336.22454833984375
2025/02/09 03:30, 349.02301025390625
2025/02/09 03:45, 336.77008056640625
2025/02/09 04:00, 330.307861328125
2025/02/09 04:15, 331.39886474609375
2025/02/09 04:30, 339.203857421875
2025/02/09 04:45, 340.294921875
2025/02/09 05:00, 336.0567626953125
2025/02/09 05:15, 329.38470458984375
2025/02/09 05:30, 340.92437744140625
2025/02/09 05:45, 342.8126220703125
2025/02/09 06:00, 333.9166259765625
2025/02/09 06:15, 339.49761962890625
2025/02/09 06:30, 343.1483154296875
2025/02/09 06:45, 335.3433837890625
2025/02/09 07:00, 343.44207763671875
2025/02/09 07:15, 335.88885498046875
2025/02/09 07:30, 349.73638916015625
2025/02/09 07:45, 335.5950927734375
2025/02/09 08:00, 326.237548828125
2025/02/09 08:15, 312.8935546875
2025/02/09 08:30, 298.45849609375
2025/02/09 08:45, 309.32672119140625
2025/02/09 09:00, 300.30487060546875
2025/02/09 09:15, 308.02593994140625
2025/02/09 09:30, 302.15118408203125
2025/02/09 09:45, 282.09320068359375
2025/02/09 10:00, 284.27520751953125
2025/02/09 10:15, 297.6192626953125
2025/02/09 10:30, 292.75164794921875
2025/02/09 10:45, 278.7362060546875
2025/02/09 11:00, 278.65234375
2025/02/09 11:15, 279.575439453125
2025/02/09 11:30, 273.23919677734375
2025/02/09 11:45, 269.71429443359375
2025/02/09 12:00, 267.19659423828125
2025/02/09 12:15, 279.07196044921875
2025/02/09 12:30, 268.11981201171875
2025/02/09 12:45, 276.6800537109375
2025/02/09 13:00, 260.02105712890625
2025/02/09 13:15, 276.13458251953125
2025/02/09 13:30, 263.96551513671875
2025/02/09 13:45, 274.53997802734375
2025/02/09 14:00, 275.92474365234375
2025/02/09 14:15, 276.80596923828125
2025/02/09 14:30, 270.8892822265625
2025/02/09 14:45, 267.8260498046875
2025/02/09 15:00, 283.31011962890625
2025/02/09 15:15, 272.9454345703125
2025/02/09 15:30, 282.42889404296875
2025/02/09 15:45, 275.3372802734375
2025/02/09 16:00, 288.177734375
2025/02/09 16:15, 276.59619140625
2025/02/09 16:30, 283.058349609375
2025/02/09 16:45, 293.2132568359375
2025/02/09 17:00, 294.8077392578125
2025/02/09 17:15, 290.3597412109375
2025/02/09 17:30, 294.723876953125
2025/02/09 17:45, 290.77935791015625
2025/02/09 18:00, 297.28350830078125
2025/02/09 18:15, 281.92535400390625
2025/02/09 18:30, 302.61279296875
2025/02/09 18:45, 305.96978759765625
2025/02/09 19:00, 308.94903564453125
2025/02/09 19:15, 316.71209716796875
2025/02/09 19:30, 316.586181640625
2025/02/09 19:45, 316.628173828125
2025/02/09 20:00, 328.67132568359375
2025/02/09 20:15, 327.3704833984375
2025/02/09 20:30, 316.75408935546875
2025/02/09 20:45, 330.685546875
2025/02/09 21:00, 316.71209716796875
2025/02/09 21:15, 317.38348388671875
2025/02/09 21:30, 324.09747314453125
2025/02/09 21:45, 330.64361572265625
2025/02/09 22:00, 330.43377685546875
2025/02/09 22:15, 310.37579345703125
2025/02/09 22:30, 323.3001708984375
2025/02/09 22:45, 327.3704833984375
2025/02/09 23:00, 332.19622802734375
2025/02/09 23:15, 332.65777587890625
2025/02/09 23:30, 318.012939453125
2025/02/09 23:45, 319.81732177734375
2025/02/10 00:00, 327.0767822265625
2025/02/10 00:15, 325.7340087890625
2025/02/10 00:30, 329.21685791015625
2025/02/10 00:45, 329.76239013671875
2025/02/10 01:00, 327.32855224609375
2025/02/10 01:15, 324.97869873046875
2025/02/10 01:30, 327.53839111328125
2025/02/10 01:45, 333.49700927734375
2025/02/10 02:00, 331.776611328125
2025/02/10 02:15, 328.7552490234375
2025/02/10 02:30, 322.75469970703125
2025/02/10 02:45, 331.1470947265625
2025/02/10 03:00, 334.83978271484375
2025/02/10 03:15, 334.2943115234375
2025/02/10 03:30, 336.560302734375
2025/02/10 03:45, 343.81976318359375
2025/02/10 04:00, 350.0721435546875
2025/02/10 04:15, 334.12646484375
2025/02/10 04:30, 346.58929443359375
2025/02/10 04:45, 336.72808837890625
2025/02/10 05:00, 336.39239501953125
2025/02/10 05:15, 343.316162109375
2025/02/10 05:30, 339.28778076171875
2025/02/10 05:45, 330.1400146484375
2025/02/10 06:00, 332.02838134765625
2025/02/10 06:15, 336.3084716796875
2025/02/10 06:30, 346.085693359375
2025/02/10 06:45, 340.7984619140625
2025/02/10 07:00, 332.32208251953125
2025/02/10 07:15, 344.65899658203125
2025/02/10 07:30, 352.38006591796875
2025/02/10 07:45, 335.88885498046875
2025/02/10 08:00, 347.17669677734375
2025/02/10 08:15, 346.757080078125
2025/02/10 08:30, 340.00115966796875
2025/02/10 08:45, 327.580322265625
2025/02/10 09:00, 336.01470947265625
2025/02/10 09:15, 334.9656982421875
2025/02/10 09:30, 319.31378173828125
2025/02/10 09:45, 316.5023193359375
2025/02/10 10:00, 318.726318359375
2025/02/10 10:15, 302.948486328125
2025/02/10 10:30, 304.41717529296875
2025/02/10 10:45, 296.48626708984375
2025/02/10 11:00, 293.4649658203125
2025/02/10 11:15, 296.69610595703125
2025/02/10 11:30, 302.65478515625
2025/02/10 11:45, 284.69488525390625
2025/02/10 12:00, 289.85626220703125
2025/02/10 12:15, 281.88336181640625
2025/02/10 12:30, 283.1842041015625
2025/02/10 12:45, 280.75042724609375
2025/02/10 13:00, 276.3863525390625
2025/02/10 13:15, 287.71612548828125
2025/02/10 13:30, 283.9395751953125
2025/02/10 13:45, 297.07373046875
2025/02/10 14:00, 302.0252685546875
2025/02/10 14:15, 295.77288818359375
2025/02/10 14:30, 290.48565673828125
2025/02/10 14:45, 301.563720703125
2025/02/10 15:00, 302.52886962890625
2025/02/10 15:15, 305.92779541015625
2025/02/10 15:30, 299.6754150390625
2025/02/10 15:45, 286.54119873046875
2025/02/10 16:00, 301.43780517578125
2025/02/10 16:15, 294.97564697265625
2025/02/10 16:30, 293.1292724609375
2025/02/10 16:45, 292.16412353515625
2025/02/10 17:00, 295.68902587890625
2025/02/10 17:15, 285.03057861328125
2025/02/10 17:30, 296.738037109375
2025/02/10 17:45, 288.93310546875
2025/02/10 18:00, 292.37396240234375
2025/02/10 18:15, 305.38226318359375
2025/02/10 18:30, 289.26873779296875
2025/02/10 18:45, 301.0601806640625
2025/02/10 19:00, 305.42425537109375
2025/02/10 19:15, 322.6287841796875
2025/02/10 19:30, 311.55072021484375
2025/02/10 19:45, 322.4189453125
2025/02/10 20:00, 312.8095703125
2025/02/10 20:15, 316.25054931640625
2025/02/10 20:30, 319.9012451171875
2025/02/10 20:45, 322.04132080078125
2025/02/10 21:00, 323.04840087890625
2025/02/10 21:15, 327.24462890625
2025/02/10 21:30, 324.3492431640625
2025/02/10 21:45, 317.76116943359375
2025/02/10 22:00, 327.11871337890625
2025/02/10 22:15, 328.251708984375
2025/02/10 22:30, 334.420166015625
2025/02/10 22:45, 328.88116455078125
2025/02/10 23:00, 322.125244140625
2025/02/10 23:15, 329.594482421875
2025/02/10 23:30, 330.1400146484375
2025/02/10 23:45, 331.5247802734375
2025/02/11 00:00, 320.44671630859375
2025/02/11 00:15, 340.7564697265625
2025/02/11 00:30, 321.03424072265625
2025/02/11 00:45, 333.32916259765625
2025/02/11 01:00, 337.147705078125
2025/02/11 01:15, 334.33624267578125
2025/02/11 01:30, 330.81146240234375
2025/02/11 01:45, 335.30133056640625
2025/02/11 02:00, 339.62347412109375
2025/02/11 02:15, 317.970947265625
2025/02/11 02:30, 324.852783203125
2025/02/11 02:45, 330.05609130859375
2025/02/11 03:00, 340.1690673828125
2025/02/11 03:15, 333.95855712890625
2025/02/11 03:30, 330.8953857421875
2025/02/11 03:45, 330.93731689453125
2025/02/11 04:00, 334.00054931640625
2025/02/11 04:15, 327.53839111328125
2025/02/11 04:30, 319.94317626953125
2025/02/11 04:45, 333.077392578125
2025/02/11 05:00, 333.119384765625
2025/02/11 05:15, 330.01409912109375
2025/02/11 05:30, 338.53253173828125
2025/02/11 05:45, 337.23162841796875
2025/02/11 06:00, 333.5389404296875
2025/02/11 06:15, 333.70684814453125
2025/02/11 06:30, 335.88885498046875
2025/02/11 06:45, 335.63714599609375
2025/02/11 07:00, 331.31500244140625
2025/02/11 07:15, 335.091552734375
2025/02/11 07:30, 332.48992919921875
2025/02/11 07:45, 343.1903076171875
2025/02/11 08:00, 322.083251953125
2025/02/11 08:15, 323.55194091796875
2025/02/11 08:30, 310.6695556640625
2025/02/11 08:45, 321.78955078125
2025/02/11 09:00, 309.9561767578125
2025/02/11 09:15, 297.99688720703125
2025/02/11 09:30, 293.63287353515625
2025/02/11 09:45, 295.94073486328125
2025/02/11 10:00, 286.37335205078125
2025/02/11 10:15, 277.0577392578125
2025/02/11 10:30, 270.09197998046875
2025/02/11 10:45, 277.85504150390625
2025/02/11 11:00, 285.9957275390625
2025/02/11 11:15, 288.47149658203125
2025/02/11 11:30, 279.4915771484375
2025/02/11 11:45, 283.016357421875
2025/02/11 12:00, 277.98095703125
2025/02/11 12:15, 284.82073974609375
2025/02/11 12:30, 281.25396728515625
2025/02/11 12:45, 277.01580810546875
2025/02/11 13:00, 275.29534912109375
2025/02/11 13:15, 275.8828125
2025/02/11 13:30, 270.09197998046875
2025/02/11 13:45, 286.2894287109375
2025/02/11 14:00, 291.03118896484375
2025/02/11 14:15, 283.2261962890625
2025/02/11 14:30, 288.47149658203125
2025/02/11 14:45, 291.1571044921875
2025/02/11 15:00, 296.15057373046875
2025/02/11 15:15, 299.84326171875
2025/02/11 15:30, 288.89111328125
2025/02/11 15:45, 287.71612548828125
2025/02/11 16:00, 300.13702392578125
2025/02/11 16:15, 274.498046875
2025/02/11 16:30, 288.26165771484375
2025/02/11 16:45, 287.96795654296875
2025/02/11 17:00, 282.76458740234375
2025/02/11 17:15, 283.9395751953125
2025/02/11 17:30, 288.59735107421875
2025/02/11 17:45, 288.0098876953125
2025/02/11 18:00, 290.23388671875
2025/02/11 18:15, 291.87042236328125
2025/02/11 18:30, 300.93426513671875
2025/02/11 18:45, 309.87225341796875
2025/02/11 19:00, 306.09564208984375
2025/02/11 19:15, 303.03240966796875
2025/02/11 19:30, 320.36285400390625
2025/02/11 19:45, 309.32672119140625
2025/02/11 20:00, 321.83148193359375
2025/02/11 20:15, 316.29248046875
2025/02/11 20:30, 321.411865234375
2025/02/11 20:45, 313.27117919921875
2025/02/11 21:00, 311.5087890625
2025/02/11 21:15, 320.32086181640625
2025/02/11 21:30, 314.82379150390625
2025/02/11 21:45, 313.0614013671875
2025/02/11 22:00, 321.2440185546875
2025/02/11 22:15, 318.26470947265625
2025/02/11 22:30, 323.6358642578125
2025/02/11 22:45, 331.44085693359375
2025/02/11 23:00, 327.28662109375
2025/02/11 23:15, 316.29248046875
2025/02/11 23:30, 314.32025146484375
2025/02/11 23:45, 327.83209228515625
2025/02/12 00:00, 326.7830810546875
2025/02/12 00:15, 311.92840576171875
2025/02/12 00:30, 318.726318359375
2025/02/12 00:45, 323.13232421875
2025/02/12 01:00, 327.79010009765625
2025/02/12 01:15, 323.3001708984375
2025/02/12 01:30, 321.70562744140625
2025/02/12 01:45, 327.0767822265625
2025/02/12 02:00, 320.48870849609375
2025/02/12 02:15, 322.71270751953125
2025/02/12 02:30, 315.1175537109375
2025/02/12 02:45, 326.95086669921875
2025/02/12 03:00, 327.20269775390625
2025/02/12 03:15, 318.76824951171875
2025/02/12 03:30, 325.94384765625
2025/02/12 03:45, 329.93023681640625
2025/02/12 04:00, 309.41064453125
2025/02/12 04:15, 315.53717041015625
2025/02/12 04:30, 329.5526123046875
2025/02/12 04:45, 319.64947509765625
2025/02/12 05:00, 331.5667724609375
2025/02/12 05:15, 331.021240234375
2025/02/12 05:30, 325.0206298828125
2025/02/12 05:45, 325.77593994140625
2025/02/12 06:00, 320.9083251953125
2025/02/12 06:15, 326.615234375
2025/02/12 06:30, 334.6300048828125
2025/02/12 06:45, 328.50347900390625
2025/02/12 07:00, 327.70623779296875
2025/02/12 07:15, 336.47637939453125
2025/02/12 07:30, 333.4130859375
2025/02/12 07:45, 328.8392333984375
2025/02/12 08:00, 329.8463134765625
2025/02/12 08:15, 334.83978271484375
2025/02/12 08:30, 322.71270751953125
2025/02/12 08:45, 321.453857421875
2025/02/12 09:00, 324.55908203125
2025/02/12 09:15, 316.04071044921875
2025/02/12 09:30, 310.87933349609375
2025/02/12 09:45, 306.13763427734375
2025/02/12 10:00, 291.282958984375
2025/02/12 10:15, 292.4998779296875
2025/02/12 10:30, 291.66064453125
2025/02/12 10:45, 285.3243408203125
2025/02/12 11:00, 284.98858642578125
2025/02/12 11:15, 276.76397705078125
2025/02/12 11:30, 271.350830078125
2025/02/12 11:45, 279.15582275390625
2025/02/12 12:00, 275.92474365234375
2025/02/12 12:15, 277.561279296875
2025/02/12 12:30, 273.82666015625
2025/02/12 12:45, 272.39990234375
2025/02/12 13:00, 270.93121337890625
2025/02/12 13:15, 269.25274658203125
2025/02/12 13:30, 261.02813720703125
2025/02/12 13:45, 265.85382080078125
2025/02/12 14:00, 282.00927734375
2025/02/12 14:15, 291.87042236328125
2025/02/12 14:30, 285.36627197265625
2025/02/12 14:45, 288.89111328125
2025/02/12 15:00, 303.4940185546875
2025/02/12 15:15, 295.85687255859375
2025/02/12 15:30, 294.09442138671875
2025/02/12 15:45, 301.60565185546875
2025/02/12 16:00, 307.732177734375
2025/02/12 16:15, 305.38226318359375
2025/02/12 16:30, 304.1234130859375
2025/02/12 16:45, 303.4520263671875
2025/02/12 17:00, 310.33380126953125
2025/02/12 17:15, 308.445556640625
2025/02/12 17:30, 309.57855224609375
2025/02/12 17:45, 314.78179931640625
2025/02/12 18:00, 315.62109375
2025/02/12 18:15, 311.21502685546875
2025/02/12 18:30, 319.64947509765625
2025/02/12 18:45, 316.54425048828125
2025/02/12 19:00, 320.36285400390625
2025/02/12 19:15, 322.67071533203125
2025/02/12 19:30, 322.2510986328125
2025/02/12 19:45, 325.77593994140625
2025/02/12 20:00, 325.90185546875
2025/02/12 20:15, 337.94500732421875
2025/02/12 20:30, 334.33624267578125
2025/02/12 20:45, 334.46209716796875
2025/02/12 21:00, 335.76300048828125
2025/02/12 21:15, 329.88824462890625
2025/02/12 21:30, 328.4615478515625
2025/02/12 21:45, 322.9644775390625
2025/02/12 22:00, 336.51824951171875
2025/02/12 22:15, 332.2381591796875
2025/02/12 22:30, 341.80548095703125
2025/02/12 22:45, 330.8533935546875
2025/02/12 23:00, 338.23876953125
2025/02/12 23:15, 335.93084716796875
2025/02/12 23:30, 331.9024658203125
2025/02/12 23:45, 323.6358642578125
2025/02/13 00:00, 320.44671630859375
2025/02/13 00:15, 331.2310791015625
2025/02/13 00:30, 338.0289306640625
2025/02/13 00:45, 333.87469482421875
2025/02/13 01:00, 330.307861328125
2025/02/13 01:15, 339.62347412109375
2025/02/13 01:30, 335.846923828125
2025/02/13 01:45, 337.189697265625
2025/02/13 02:00, 343.0224609375
2025/02/13 02:15, 330.81146240234375
2025/02/13 02:30, 337.31561279296875
2025/02/13 02:45, 331.60870361328125
2025/02/13 03:00, 328.0838623046875
2025/02/13 03:15, 335.133544921875
2025/02/13 03:30, 340.7984619140625
2025/02/13 03:45, 338.3646240234375
2025/02/13 04:00, 333.5809326171875
2025/02/13 04:15, 334.33624267578125
2025/02/13 04:30, 337.48345947265625
2025/02/13 04:45, 328.67132568359375
2025/02/13 05:00, 320.8663330078125
2025/02/13 05:15, 333.4130859375
2025/02/13 05:30, 335.76300048828125
2025/02/13 05:45, 331.1890869140625
2025/02/13 06:00, 323.76171875
2025/02/13 06:15, 329.09100341796875
2025/02/13 06:30, 335.38531494140625
2025/02/13 06:45, 329.636474609375
2025/02/13 07:00, 334.92376708984375
2025/02/13 07:15, 327.87408447265625
2025/02/13 07:30, 335.93084716796875
2025/02/13 07:45, 328.4615478515625
2025/02/13 08:00, 327.66424560546875
2025/02/13 08:15, 312.76763916015625
2025/02/13 08:30, 312.3060302734375
2025/02/13 08:45, 304.920654296875
2025/02/13 09:00, 293.59088134765625
2025/02/13 09:15, 297.91302490234375
2025/02/13 09:30, 303.53594970703125
2025/02/13 09:45, 288.76519775390625
2025/02/13 10:00, 278.568359375
2025/02/13 10:15, 292.4578857421875
2025/02/13 10:30, 275.7149658203125
2025/02/13 10:45, 281.12811279296875
2025/02/13 11:00, 281.673583984375
2025/02/13 11:15, 278.0228271484375
2025/02/13 11:30, 277.85504150390625
2025/02/13 11:45, 276.0506591796875
2025/02/13 12:00, 273.6168212890625
2025/02/13 12:15, 266.35736083984375
2025/02/13 12:30, 262.91644287109375
2025/02/13 12:45, 272.9874267578125
2025/02/13 13:00, 277.267578125
2025/02/13 13:15, 273.74267578125
2025/02/13 13:30, 270.34381103515625
2025/02/13 13:45, 268.623291015625
2025/02/13 14:00, 278.568359375
2025/02/13 14:15, 277.51934814453125
2025/02/13 14:30, 285.9957275390625
2025/02/13 14:45, 289.10089111328125
2025/02/13 15:00, 288.2197265625
2025/02/13 15:15, 294.8497314453125
2025/02/13 15:30, 287.2965087890625
2025/02/13 15:45, 297.6612548828125
2025/02/13 16:00, 285.114501953125
2025/02/13 16:15, 292.583740234375
2025/02/13 16:30, 309.15887451171875
2025/02/13 16:45, 290.65350341796875
2025/02/13 17:00, 304.1234130859375
2025/02/13 17:15, 298.6263427734375
2025/02/13 17:30, 290.9052734375
2025/02/13 17:45, 306.68310546875
2025/02/13 18:00, 307.94195556640625
2025/02/13 18:15, 311.25701904296875
2025/02/13 18:30, 318.012939453125
2025/02/13 18:45, 307.60626220703125
2025/02/13 19:00, 308.94903564453125
2025/02/13 19:15, 312.7257080078125
2025/02/13 19:30, 317.970947265625
2025/02/13 19:45, 329.42669677734375
2025/02/13 20:00, 314.61395263671875
2025/02/13 20:15, 318.054931640625
2025/02/13 20:30, 312.0543212890625
2025/02/13 20:45, 324.89471435546875
2025/02/13 21:00, 329.5526123046875
2025/02/13 21:15, 334.420166015625
2025/02/13 21:30, 323.6778564453125
2025/02/13 21:45, 330.1820068359375
2025/02/13 22:00, 327.99993896484375
2025/02/13 22:15, 325.7340087890625
2025/02/13 22:30, 324.72686767578125
2025/02/13 22:45, 324.3492431640625
2025/02/13 23:00, 337.3995361328125
2025/02/13 23:15, 324.22332763671875
2025/02/13 23:30, 330.55963134765625
2025/02/13 23:45, 323.13232421875
2025/02/14 00:00, 325.3143310546875
2025/02/14 00:15, 330.307861328125
2025/02/14 00:30, 337.903076171875
2025/02/14 00:45, 325.60809326171875
2025/02/14 01:00, 335.04962158203125
2025/02/14 01:15, 329.21685791015625
2025/02/14 01:30, 337.273681640625
2025/02/14 01:45, 326.36346435546875
2025/02/14 02:00, 331.60870361328125
2025/02/14 02:15, 333.87469482421875
2025/02/14 02:30, 322.83856201171875
2025/02/14 02:45, 339.7073974609375
2025/02/14 03:00, 334.71392822265625
2025/02/14 03:15, 321.78955078125
2025/02/14 03:30, 330.1400146484375
2025/02/14 03:45, 326.6990966796875
2025/02/14 04:00, 326.7830810546875
2025/02/14 04:15, 342.0992431640625
2025/02/14 04:30, 336.77008056640625
2025/02/14 04:45, 335.2593994140625
2025/02/14 05:00, 338.40667724609375
2025/02/14 05:15, 337.0638427734375
2025/02/14 05:30, 338.490478515625
2025/02/14 05:45, 340.8824462890625
2025/02/14 06:00, 330.1400146484375
2025/02/14 06:15, 338.91009521484375
2025/02/14 06:30, 339.3297119140625
2025/02/14 06:45, 332.9095458984375
2025/02/14 07:00, 341.595703125
2025/02/14 07:15, 333.5809326171875
2025/02/14 07:30, 347.42852783203125
2025/02/14 07:45, 342.14129638671875
2025/02/14 08:00, 331.8184814453125
2025/02/14 08:15, 338.1129150390625
2025/02/14 08:30, 345.28839111328125
2025/02/14 08:45, 347.470458984375
2025/02/14 09:00, 336.560302734375
2025/02/14 09:15, 332.32208251953125
2025/02/14 09:30, 323.13232421875
2025/02/14 09:45, 320.5726318359375
2025/02/14 10:00, 313.48101806640625
2025/02/14 10:15, 316.75408935546875
2025/02/14 10:30, 312.515869140625
2025/02/14 10:45, 307.5223388671875
2025/02/14 11:00, 302.52886962890625
2025/02/14 11:15, 299.92718505859375
2025/02/14 11:30, 293.8426513671875
2025/02/14 11:45, 298.50048828125
2025/02/14 12:00, 301.8994140625
2025/02/14 12:15, 310.33380126953125
2025/02/14 12:30, 307.43841552734375
2025/02/14 12:45, 305.96978759765625
2025/02/14 13:00, 302.61279296875
2025/02/14 13:15, 313.85870361328125
2025/02/14 13:30, 300.178955078125
2025/02/14 13:45, 287.3385009765625
2025/02/14 14:00, 299.2977294921875
2025/02/14 14:15, 300.76641845703125
2025/02/14 14:30, 304.6689453125
2025/02/14 14:45, 303.11627197265625
2025/02/14 15:00, 304.20733642578125
2025/02/14 15:15, 299.0040283203125
2025/02/14 15:30, 303.2421875
2025/02/14 15:45, 302.7386474609375
2025/02/14 16:00, 304.1654052734375
2025/02/14 16:15, 290.14996337890625
2025/02/14 16:30, 295.5211181640625
2025/02/14 16:45, 288.51348876953125
2025/02/14 17:00, 295.5211181640625
2025/02/14 17:15, 287.6322021484375
2025/02/14 17:30, 303.7877197265625
2025/02/14 17:45, 304.0814208984375
2025/02/14 18:00, 302.52886962890625
2025/02/14 18:15, 295.68902587890625
2025/02/14 18:30, 297.493408203125
2025/02/14 18:45, 308.5714111328125
2025/02/14 19:00, 316.83795166015625
2025/02/14 19:15, 316.670166015625
2025/02/14 19:30, 315.0755615234375
2025/02/14 19:45, 303.20025634765625
2025/02/14 20:00, 323.59393310546875
2025/02/14 20:15, 321.36993408203125
2025/02/14 20:30, 317.76116943359375
2025/02/14 20:45, 330.685546875
2025/02/14 21:00, 324.22332763671875
2025/02/14 21:15, 319.1878662109375
2025/02/14 21:30, 337.0218505859375
2025/02/14 21:45, 325.94384765625
2025/02/14 22:00, 331.94439697265625
2025/02/14 22:15, 334.420166015625
2025/02/14 22:30, 331.692626953125
2025/02/14 22:45, 340.1690673828125
2025/02/14 23:00, 334.33624267578125
2025/02/14 23:15, 344.82684326171875
2025/02/14 23:30, 329.34271240234375
2025/02/14 23:45, 327.83209228515625
2025/02/15 00:00, 338.574462890625
2025/02/15 00:15, 335.0076904296875
2025/02/15 00:30, 337.861083984375
2025/02/15 00:45, 334.3782958984375
2025/02/15 01:00, 347.84814453125
2025/02/15 01:15, 346.21160888671875
2025/02/15 01:30, 327.66424560546875
2025/02/15 01:45, 336.51824951171875
2025/02/15 02:00, 325.77593994140625
2025/02/15 02:15, 344.65899658203125
2025/02/15 02:30, 332.406005859375
2025/02/15 02:45, 325.7340087890625
2025/02/15 03:00, 325.90185546875
2025/02/15 03:15, 337.60931396484375
2025/02/15 03:30, 333.9166259765625
2025/02/15 03:45, 335.217529296875
2025/02/15 04:00, 332.74169921875
2025/02/15 04:15, 337.94500732421875
2025/02/15 04:30, 338.616455078125
2025/02/15 04:45, 337.7352294921875
2025/02/15 05:00, 338.40667724609375
2025/02/15 05:15, 330.391845703125
2025/02/15 05:30, 332.15423583984375
2025/02/15 05:45, 334.504150390625
2025/02/15 06:00, 323.09033203125
2025/02/15 06:15, 335.17547607421875
2025/02/15 06:30, 336.51824951171875
2025/02/15 06:45, 335.46923828125
2025/02/15 07:00, 336.26654052734375
2025/02/15 07:15, 330.05609130859375
2025/02/15 07:30, 327.70623779296875
2025/02/15 07:45, 327.28662109375
2025/02/15 08:00, 323.845703125
2025/02/15 08:15, 320.99224853515625
2025/02/15 08:30, 318.3486328125
2025/02/15 08:45, 308.94903564453125
2025/02/15 09:00, 306.43133544921875
2025/02/15 09:15, 304.03948974609375
2025/02/15 09:30, 296.9058837890625
2025/02/15 09:45, 297.36749267578125
2025/02/15 10:00, 284.5269775390625
2025/02/15 10:15, 284.65289306640625
2025/02/15 10:30, 278.65234375
2025/02/15 10:45, 272.35797119140625
2025/02/15 11:00, 277.267578125
2025/02/15 11:15, 282.93243408203125
2025/02/15 11:30, 280.7923583984375
2025/02/15 11:45, 289.7723388671875
2025/02/15 12:00, 293.297119140625
2025/02/15 12:15, 289.35272216796875
2025/02/15 12:30, 289.7303466796875
2025/02/15 12:45, 280.1629638671875
2025/02/15 13:00, 277.60321044921875
2025/02/15 13:15, 288.97503662109375
2025/02/15 13:30, 295.47918701171875
2025/02/15 13:45, 294.93365478515625
2025/02/15 14:00, 288.55535888671875
2025/02/15 14:15, 296.1925048828125
2025/02/15 14:30, 300.30487060546875
2025/02/15 14:45, 287.92596435546875
2025/02/15 15:00, 301.7315673828125
2025/02/15 15:15, 303.2421875
2025/02/15 15:30, 300.0111083984375
2025/02/15 15:45, 300.85040283203125
2025/02/15 16:00, 295.26934814453125
2025/02/15 16:15, 292.4578857421875
2025/02/15 16:30, 300.22088623046875
2025/02/15 16:45, 295.5211181640625
2025/02/15 17:00, 288.47149658203125
2025/02/15 17:15, 294.38812255859375
2025/02/15 17:30, 296.69610595703125
2025/02/15 17:45, 300.89227294921875
2025/02/15 18:00, 287.3385009765625
2025/02/15 18:15, 300.556640625
2025/02/15 18:30, 300.13702392578125
2025/02/15 18:45, 306.347412109375
2025/02/15 19:00, 304.7947998046875
2025/02/15 19:15, 317.2156982421875
2025/02/15 19:30, 314.1943359375
2025/02/15 19:45, 308.6134033203125
2025/02/15 20:00, 316.87994384765625
2025/02/15 20:15, 323.55194091796875
2025/02/15 20:30, 324.43316650390625
2025/02/15 20:45, 319.5655517578125
2025/02/15 21:00, 322.04132080078125
2025/02/15 21:15, 326.48931884765625
2025/02/15 21:30, 324.3072509765625
2025/02/15 21:45, 327.83209228515625
2025/02/15 22:00, 327.66424560546875
2025/02/15 22:15, 323.50994873046875
2025/02/15 22:30, 324.3912353515625
2025/02/15 22:45, 326.7830810546875
2025/02/15 23:00, 338.15484619140625
2025/02/15 23:15, 330.05609130859375
2025/02/15 23:30, 327.74822998046875
2025/02/15 23:45, 327.28662109375
2025/02/16 00:00, 336.22454833984375
2025/02/16 00:15, 329.594482421875
2025/02/16 00:30, 334.2523193359375
2025/02/16 00:45, 325.65008544921875
2025/02/16 01:00, 329.5526123046875
2025/02/16 01:15, 327.99993896484375
2025/02/16 01:30, 326.99285888671875
2025/02/16 01:45, 331.063232421875
2025/02/16 02:00, 329.93023681640625
2025/02/16 02:15, 336.560302734375
2025/02/16 02:30, 333.119384765625
2025/02/16 02:45, 334.2523193359375
2025/02/16 03:00, 341.4698486328125
2025/02/16 03:15, 331.021240234375
2025/02/16 03:30, 333.95855712890625
2025/02/16 03:45, 330.8953857421875
2025/02/16 04:00, 335.51116943359375
2025/02/16 04:15, 319.64947509765625
2025/02/16 04:30, 327.0767822265625
2025/02/16 04:45, 335.67901611328125
2025/02/16 05:00, 332.447998046875
2025/02/16 05:15, 339.16192626953125
2025/02/16 05:30, 333.2032470703125
2025/02/16 05:45, 324.26531982421875
2025/02/16 06:00, 336.01470947265625
2025/02/16 06:15, 336.01470947265625
2025/02/16 06:30, 335.0076904296875
2025/02/16 06:45, 334.755859375
2025/02/16 07:00, 345.75006103515625
2025/02/16 07:15, 346.9249267578125
2025/02/16 07:30, 340.84039306640625
2025/02/16 07:45, 328.37762451171875
2025/02/16 08:00, 331.5247802734375
2025/02/16 08:15, 321.5797119140625
2025/02/16 08:30, 304.03948974609375
2025/02/16 08:45, 302.7386474609375
2025/02/16 09:00, 303.66180419921875
2025/02/16 09:15, 288.1357421875
2025/02/16 09:30, 288.63934326171875
2025/02/16 09:45, 298.71026611328125
2025/02/16 10:00, 287.88397216796875
2025/02/16 10:15, 293.968505859375
2025/02/16 10:30, 282.5548095703125
2025/02/16 10:45, 263.50390625
2025/02/16 11:00, 270.46966552734375
2025/02/16 11:15, 277.3514404296875
2025/02/16 11:30, 270.46966552734375
2025/02/16 11:45, 263.25213623046875
2025/02/16 12:00, 272.86151123046875
2025/02/16 12:15, 286.07958984375
2025/02/16 12:30, 275.25335693359375
2025/02/16 12:45, 273.2811279296875
2025/02/16 13:00, 275.42120361328125
2025/02/16 13:15, 265.18243408203125
2025/02/16 13:30, 289.10089111328125
2025/02/16 13:45, 287.2965087890625
2025/02/16 14:00, 281.631591796875
2025/02/16 14:15, 296.52825927734375
2025/02/16 14:30, 281.25396728515625
2025/02/16 14:45, 291.03118896484375
2025/02/16 15:00, 288.51348876953125
2025/02/16 15:15, 290.82135009765625
2025/02/16 15:30, 285.3243408203125
2025/02/16 15:45, 299.9691162109375
2025/02/16 16:00, 299.80126953125
2025/02/16 16:15, 291.954345703125
2025/02/16 16:30, 304.54302978515625
2025/02/16 16:45, 292.8355712890625
2025/02/16 17:00, 289.47857666015625
2025/02/16 17:15, 291.32489013671875
2025/02/16 17:30, 296.9478759765625
2025/02/16 17:45, 296.48626708984375
2025/02/16 18:00, 300.5146484375
2025/02/16 18:15, 297.28350830078125
2025/02/16 18:30, 309.62042236328125
2025/02/16 18:45, 302.82257080078125
2025/02/16 19:00, 309.70440673828125
2025/02/16 19:15, 307.98394775390625
2025/02/16 19:30, 315.1175537109375
2025/02/16 19:45, 327.916015625
2025/02/16 20:00, 313.81671142578125
2025/02/16 20:15, 320.8663330078125
2025/02/16 20:30, 328.1678466796875
2025/02/16 20:45, 318.684326171875
2025/02/16 21:00, 317.970947265625
2025/02/16 21:15, 322.71270751953125
2025/02/16 21:30, 327.916015625
2025/02/16 21:45, 327.4544677734375
2025/02/16 22:00, 325.146484375
2025/02/16 22:15, 330.72747802734375
2025/02/16 22:30, 326.95086669921875
2025/02/16 22:45, 316.87994384765625
2025/02/16 23:00, 332.2381591796875
2025/02/16 23:15, 322.20916748046875
2025/02/16 23:30, 325.65008544921875
2025/02/16 23:45, 324.05548095703125
2025/02/17 00:00, 330.60162353515625
2025/02/17 00:15, 331.692626953125
2025/02/17 00:30, 325.81793212890625
2025/02/17 00:45, 326.6990966796875
2025/02/17 01:00, 328.8392333984375
2025/02/17 01:15, 332.364013671875
2025/02/17 01:30, 335.133544921875
2025/02/17 01:45, 327.3704833984375
2025/02/17 02:00, 330.8953857421875
2025/02/17 02:15, 327.87408447265625
2025/02/17 02:30, 335.38531494140625
2025/02/17 02:45, 332.48992919921875
2025/02/17 03:00, 326.95086669921875
2025/02/17 03:15, 324.05548095703125
2025/02/17 03:30, 324.47509765625
2025/02/17 03:45, 332.6158447265625
2025/02/17 04:00, 333.95855712890625
2025/02/17 04:15, 328.71331787109375
2025/02/17 04:30, 323.34210205078125
2025/02/17 04:45, 325.94384765625
2025/02/17 05:00, 334.58807373046875
2025/02/17 05:15, 323.34210205078125
2025/02/17 05:30, 336.0986328125
2025/02/17 05:45, 333.70684814453125
2025/02/17 06:00, 335.133544921875
2025/02/17 06:15, 349.61053466796875
2025/02/17 06:30, 328.88116455078125
2025/02/17 06:45, 333.83270263671875
2025/02/17 07:00, 334.8817138671875
2025/02/17 07:15, 349.27484130859375
2025/02/17 07:30, 341.5118408203125
2025/02/17 07:45, 333.5809326171875
2025/02/17 08:00, 339.53961181640625
2025/02/17 08:15, 336.1826171875
2025/02/17 08:30, 330.8533935546875
2025/02/17 08:45, 330.1820068359375
2025/02/17 09:00, 322.9644775390625
2025/02/17 09:15, 311.00518798828125
2025/02/17 09:30, 306.01171875
2025/02/17 09:45, 307.1866455078125
2025/02/17 10:00, 297.70318603515625
2025/02/17 10:15, 291.53472900390625
2025/02/17 10:30, 297.36749267578125
2025/02/17 10:45, 292.20611572265625
2025/02/17 11:00, 291.954345703125
2025/02/17 11:15, 290.69549560546875
2025/02/17 11:30, 278.7362060546875
2025/02/17 11:45, 290.86334228515625
2025/02/17 12:00, 278.14874267578125
2025/02/17 12:15, 288.3455810546875
2025/02/17 12:30, 307.2286376953125
2025/02/17 12:45, 297.03179931640625
2025/02/17 13:00, 293.6748046875
2025/02/17 13:15, 295.05950927734375
2025/02/17 13:30, 302.99041748046875
2025/02/17 13:45, 289.7723388671875
2025/02/17 14:00, 299.46563720703125
2025/02/17 14:15, 281.673583984375
2025/02/17 14:30, 290.611572265625
2025/02/17 14:45, 299.7174072265625
2025/02/17 15:00, 305.8018798828125
2025/02/17 15:15, 301.18603515625
2025/02/17 15:30, 296.2344970703125
2025/02/17 15:45, 307.60626220703125
2025/02/17 16:00, 303.326171875
2025/02/17 16:15, 307.43841552734375
2025/02/17 16:30, 300.26287841796875
2025/02/17 16:45, 290.9052734375
2025/02/17 17:00, 298.87811279296875
2025/02/17 17:15, 288.0518798828125
2025/02/17 17:30, 294.1783447265625
2025/02/17 17:45, 295.437255859375
2025/02/17 18:00, 307.732177734375
2025/02/17 18:15, 301.64764404296875
2025/02/17 18:30, 308.15179443359375
2025/02/17 18:45, 301.68963623046875
2025/02/17 19:00, 307.98394775390625
2025/02/17 19:15, 318.012939453125
2025/02/17 19:30, 314.82379150390625
2025/02/17 19:45, 320.48870849609375
2025/02/17 20:00, 325.77593994140625
2025/02/17 20:15, 320.9503173828125
2025/02/17 20:30, 321.03424072265625
2025/02/17 20:45, 322.2510986328125
2025/02/17 21:00, 322.20916748046875
2025/02/17 21:15, 331.8184814453125
2025/02/17 21:30, 334.12646484375
2025/02/17 21:45, 327.3704833984375
2025/02/17 22:00, 334.9656982421875
2025/02/17 22:15, 323.468017578125
2025/02/17 22:30, 329.1329345703125
2025/02/17 22:45, 335.63714599609375
2025/02/17 23:00, 325.56610107421875
2025/02/17 23:15, 328.0838623046875
2025/02/17 23:30, 337.777099609375
2025/02/17 23:45, 334.420166015625
2025/02/18 00:00, 331.98638916015625
2025/02/18 00:15, 326.44732666015625
2025/02/18 00:30, 325.23046875
2025/02/18 00:45, 326.27947998046875
2025/02/18 01:00, 328.62939453125
2025/02/18 01:15, 333.2452392578125
2025/02/18 01:30, 335.30133056640625
2025/02/18 01:45, 340.1690673828125
2025/02/18 02:00, 335.804931640625
2025/02/18 02:15, 324.43316650390625
2025/02/18 02:30, 331.9024658203125
2025/02/18 02:45, 331.692626953125
2025/02/18 03:00, 320.99224853515625
2025/02/18 03:15, 327.53839111328125
2025/02/18 03:30, 330.1820068359375
2025/02/18 03:45, 342.60284423828125
2025/02/18 04:00, 321.16009521484375
2025/02/18 04:15, 323.8037109375
2025/02/18 04:30, 327.4124755859375
2025/02/18 04:45, 329.38470458984375
2025/02/18 05:00, 336.39239501953125
2025/02/18 05:15, 334.21038818359375
2025/02/18 05:30, 324.93670654296875
2025/02/18 05:45, 334.46209716796875
2025/02/18 06:00, 334.00054931640625
2025/02/18 06:15, 326.65716552734375
2025/02/18 06:30, 333.37115478515625
2025/02/18 06:45, 343.10638427734375
2025/02/18 07:00, 333.6649169921875
2025/02/18 07:15, 343.5679931640625
2025/02/18 07:30, 332.5738525390625
2025/02/18 07:45, 330.76947021484375
2025/02/18 08:00, 323.13232421875
2025/02/18 08:15, 311.88641357421875
2025/02/18 08:30, 311.21502685546875
2025/02/18 08:45, 311.9703369140625
2025/02/18 09:00, 302.19317626953125
2025/02/18 09:15, 305.5501708984375
2025/02/18 09:30, 292.41595458984375
2025/02/18 09:45, 302.19317626953125
2025/02/18 10:00, 288.6812744140625
2025/02/18 10:15, 288.76519775390625
2025/02/18 10:30, 284.401123046875
2025/02/18 10:45, 277.81304931640625
2025/02/18 11:00, 283.60382080078125
2025/02/18 11:15, 280.1629638671875
2025/02/18 11:30, 277.7291259765625
2025/02/18 11:45, 281.79949951171875
2025/02/18 12:00, 290.82135009765625
2025/02/18 12:15, 288.89111328125
2025/02/18 12:30, 284.31719970703125
2025/02/18 12:45, 286.16357421875
2025/02/18 13:00, 286.41534423828125
2025/02/18 13:15, 290.52764892578125
2025/02/18 13:30, 289.81427001953125
2025/02/18 13:45, 297.70318603515625
2025/02/18 14:00, 288.1357421875
2025/02/18 14:15, 300.30487060546875
2025/02/18 14:30, 288.80718994140625
2025/02/18 14:45, 290.27587890625
2025/02/18 15:00, 295.5211181640625
2025/02/18 15:15, 302.36102294921875
2025/02/18 15:30, 298.6263427734375
2025/02/18 15:45, 294.1363525390625
2025/02/18 16:00, 306.8509521484375
2025/02/18 16:15, 289.6044921875
2025/02/18 16:30, 288.0518798828125
2025/02/18 16:45, 294.59796142578125
2025/02/18 17:00, 295.81488037109375
2025/02/18 17:15, 282.344970703125
2025/02/18 17:30, 304.626953125
2025/02/18 17:45, 293.75872802734375
2025/02/18 18:00, 304.626953125
2025/02/18 18:15, 305.004638671875
2025/02/18 18:30, 298.2486572265625
2025/02/18 18:45, 316.08270263671875
2025/02/18 19:00, 304.54302978515625
2025/02/18 19:15, 312.7257080078125
2025/02/18 19:30, 306.13763427734375
2025/02/18 19:45, 320.69854736328125
2025/02/18 20:00, 321.5797119140625
2025/02/18 20:15, 324.51708984375
2025/02/18 20:30, 323.04840087890625
2025/02/18 20:45, 325.146484375
2025/02/18 21:00, 329.88824462890625
2025/02/18 21:15, 322.71270751953125
2025/02/18 21:30, 322.20916748046875
2025/02/18 21:45, 314.48809814453125
2025/02/18 22:00, 321.99932861328125
2025/02/18 22:15, 329.25885009765625
2025/02/18 22:30, 331.65069580078125
2025/02/18 22:45, 331.48284912109375
2025/02/18 23:00, 333.790771484375
2025/02/18 23:15, 329.25885009765625
2025/02/18 23:30, 333.2452392578125
2025/02/18 23:45, 329.30078125
2025/02/19 00:00, 324.09747314453125
2025/02/19 00:15, 326.0697021484375
2025/02/19 00:30, 331.8184814453125
2025/02/19 00:45, 324.05548095703125
2025/02/19 01:00, 321.411865234375
2025/02/19 01:15, 337.189697265625
2025/02/19 01:30, 327.53839111328125
2025/02/19 01:45, 335.30133056640625
2025/02/19 02:00, 339.917236328125
2025/02/19 02:15, 334.46209716796875
2025/02/19 02:30, 322.58685302734375
2025/02/19 02:45, 335.04962158203125
2025/02/19 03:00, 320.15301513671875
2025/02/19 03:15, 336.6441650390625
2025/02/19 03:30, 329.5106201171875
2025/02/19 03:45, 334.2523193359375
2025/02/19 04:00, 328.04193115234375
2025/02/19 04:15, 332.5318603515625
2025/02/19 04:30, 329.30078125
2025/02/19 04:45, 335.67901611328125
2025/02/19 05:00, 330.60162353515625
2025/02/19 05:15, 323.25823974609375
2025/02/19 05:30, 332.2381591796875
2025/02/19 05:45, 331.1890869140625
2025/02/19 06:00, 336.6861572265625
2025/02/19 06:15, 326.36346435546875
2025/02/19 06:30, 327.49639892578125
2025/02/19 06:45, 339.203857421875
2025/02/19 07:00, 343.23223876953125
2025/02/19 07:15, 334.33624267578125
2025/02/19 07:30, 329.38470458984375
2025/02/19 07:45, 329.1329345703125
2025/02/19 08:00, 329.04901123046875
2025/02/19 08:15, 309.49456787109375
2025/02/19 08:30, 303.03240966796875
2025/02/19 08:45, 304.249267578125
2025/02/19 09:00, 292.96148681640625
2025/02/19 09:15, 292.91949462890625
2025/02/19 09:30, 290.82135009765625
2025/02/19 09:45, 296.822021484375
2025/02/19 10:00, 292.70965576171875
2025/02/19 10:15, 273.70074462890625
2025/02/19 10:30, 271.14105224609375
2025/02/19 10:45, 283.39404296875
2025/02/19 11:00, 288.0518798828125
2025/02/19 11:15, 280.41473388671875
2025/02/19 11:30, 287.75811767578125
2025/02/19 11:45, 283.64581298828125
2025/02/19 12:00, 287.59027099609375
2025/02/19 12:15, 291.1571044921875
2025/02/19 12:30, 286.37335205078125
2025/02/19 12:45, 279.617431640625
2025/02/19 13:00, 284.86273193359375
2025/02/19 13:15, 276.42828369140625
2025/02/19 13:30, 293.8426513671875
2025/02/19 13:45, 293.2132568359375
2025/02/19 14:00, 288.97503662109375
2025/02/19 14:15, 300.5146484375
2025/02/19 14:30, 294.1363525390625
2025/02/19 14:45, 297.03179931640625
2025/02/19 15:00, 296.15057373046875
2025/02/19 15:15, 302.65478515625
2025/02/19 15:30, 300.93426513671875
2025/02/19 15:45, 292.16412353515625
2025/02/19 16:00, 297.11572265625
2025/02/19 16:15, 286.91888427734375
2025/02/19 16:30, 294.639892578125
2025/02/19 16:45, 296.822021484375
2025/02/19 17:00, 292.33203125
2025/02/19 17:15, 280.20489501953125
2025/02/19 17:30, 282.09320068359375
2025/02/19 17:45, 283.43597412109375
2025/02/19 18:00, 285.74395751953125
2025/02/19 18:15, 295.68902587890625
2025/02/19 18:30, 292.8355712890625
2025/02/19 18:45, 294.76580810546875
2025/02/19 19:00, 310.9632568359375
2025/02/19 19:15, 315.0335693359375
2025/02/19 19:30, 319.02008056640625
2025/02/19 19:45, 324.181396484375
2025/02/19 20:00, 314.69793701171875
2025/02/19 20:15, 316.83795166015625
2025/02/19 20:30, 324.13946533203125
2025/02/19 20:45, 325.146484375
2025/02/19 21:00, 327.79010009765625
2025/02/19 21:15, 323.38409423828125
2025/02/19 21:30, 320.782470703125
2025/02/19 21:45, 319.81732177734375
2025/02/19 22:00, 323.17431640625
2025/02/19 22:15, 328.62939453125
2025/02/19 22:30, 332.48992919921875
2025/02/19 22:45, 329.25885009765625
2025/02/19 23:00, 327.0767822265625
2025/02/19 23:15, 319.9012451171875
2025/02/19 23:30, 322.50286865234375
2025/02/19 23:45, 333.70684814453125
2025/02/20 00:00, 321.83148193359375
2025/02/20 00:15, 328.54547119140625
2025/02/20 00:30, 332.19622802734375
2025/02/20 00:45, 328.251708984375
2025/02/20 01:00, 323.3001708984375
2025/02/20 01:15, 336.3084716796875
2025/02/20 01:30, 327.24462890625
2025/02/20 01:45, 327.53839111328125
2025/02/20 02:00, 333.2032470703125
2025/02/20 02:15, 322.4609375
2025/02/20 02:30, 330.391845703125
2025/02/20 02:45, 339.62347412109375
2025/02/20 03:00, 327.70623779296875
2025/02/20 03:15, 334.04248046875
2025/02/20 03:30, 324.6849365234375
2025/02/20 03:45, 339.7913818359375
2025/02/20 04:00, 327.83209228515625
2025/02/20 04:15, 336.01470947265625
2025/02/20 04:30, 331.39886474609375
2025/02/20 04:45, 331.39886474609375
2025/02/20 05:00, 333.4130859375
2025/02/20 05:15, 327.4544677734375
2025/02/20 05:30, 335.67901611328125
2025/02/20 05:45, 333.455078125
2025/02/20 06:00, 325.0206298828125
2025/02/20 06:15, 337.189697265625
2025/02/20 06:30, 337.861083984375
2025/02/20 06:45, 329.04901123046875
2025/02/20 07:00, 333.49700927734375
2025/02/20 07:15, 332.82562255859375
2025/02/20 07:30, 341.93145751953125
2025/02/20 07:45, 350.32391357421875
2025/02/20 08:00, 328.20977783203125
2025/02/20 08:15, 321.70562744140625
2025/02/20 08:30, 327.83209228515625
2025/02/20 08:45, 308.6134033203125
2025/02/20 09:00, 309.074951171875
2025/02/20 09:15, 296.1925048828125
2025/02/20 09:30, 293.1712646484375
2025/02/20 09:45, 291.66064453125
2025/02/20 10:00, 291.19903564453125
2025/02/20 10:15, 280.288818359375
2025/02/20 10:30, 281.42181396484375
2025/02/20 10:45, 287.88397216796875
2025/02/20 11:00, 281.08612060546875
2025/02/20 11:15, 266.10552978515625
2025/02/20 11:30, 278.6103515625
2025/02/20 11:45, 287.08673095703125
2025/02/20 12:00, 296.61212158203125
2025/02/20 12:15, 277.0577392578125
2025/02/20 12:30, 290.48565673828125
2025/02/20 12:45, 282.76458740234375
2025/02/20 13:00, 280.330810546875
2025/02/20 13:15, 287.842041015625
2025/02/20 13:30, 310.6695556640625
2025/02/20 13:45, 291.61865234375
2025/02/20 14:00, 291.7445068359375
2025/02/20 14:15, 300.13702392578125
2025/02/20 14:30, 284.6109619140625
2025/02/20 14:45, 299.92718505859375
2025/02/20 15:00, 297.87103271484375
2025/02/20 15:15, 294.8077392578125
2025/02/20 15:30, 300.6824951171875
2025/02/20 15:45, 307.690185546875
2025/02/20 16:00, 303.82965087890625
2025/02/20 16:15, 293.297119140625
2025/02/20 16:30, 296.2344970703125
2025/02/20 16:45, 285.57611083984375
2025/02/20 17:00, 292.8355712890625
2025/02/20 17:15, 287.21258544921875
2025/02/20 17:30, 309.116943359375
2025/02/20 17:45, 305.38226318359375
2025/02/20 18:00, 303.2421875
2025/02/20 18:15, 309.49456787109375
2025/02/20 18:30, 307.81610107421875
2025/02/20 18:45, 308.82318115234375
2025/02/20 19:00, 312.26409912109375
2025/02/20 19:15, 323.8037109375
2025/02/20 19:30, 318.5164794921875
2025/02/20 19:45, 317.1737060546875
2025/02/20 20:00, 320.44671630859375
2025/02/20 20:15, 324.97869873046875
2025/02/20 20:30, 314.99163818359375
2025/02/20 20:45, 322.75469970703125
2025/02/20 21:00, 334.21038818359375
2025/02/20 21:15, 329.72039794921875
2025/02/20 21:30, 320.61456298828125
2025/02/20 21:45, 326.4053955078125
2025/02/20 22:00, 326.99285888671875
2025/02/20 22:15, 330.93731689453125
2025/02/20 22:30, 336.6441650390625
2025/02/20 22:45, 329.09100341796875
2025/02/20 23:00, 337.81915283203125
2025/02/20 23:15, 330.391845703125
2025/02/20 23:30, 328.62939453125
2025/02/20 23:45, 338.3646240234375
2025/02/21 00:00, 323.04840087890625
2025/02/21 00:15, 341.973388671875
2025/02/21 00:30, 334.08453369140625
2025/02/21 00:45, 330.1820068359375
2025/02/21 01:00, 320.40478515625
2025/02/21 01:15, 329.34271240234375
2025/02/21 01:30, 334.58807373046875
2025/02/21 01:45, 348.939208984375
2025/02/21 02:00, 332.99346923828125
2025/02/21 02:15, 344.99462890625
2025/02/21 02:30, 330.307861328125
2025/02/21 02:45, 328.7552490234375
2025/02/21 03:00, 325.85986328125
2025/02/21 03:15, 333.748779296875
2025/02/21 03:30, 335.63714599609375
2025/02/21 03:45, 330.307861328125
2025/02/21 04:00, 330.05609130859375
2025/02/21 04:15, 334.12646484375
2025/02/21 04:30, 319.27178955078125
2025/02/21 04:45, 323.88763427734375
2025/02/21 05:00, 329.8043212890625
2025/02/21 05:15, 342.77069091796875
2025/02/21 05:30, 332.447998046875
2025/02/21 05:45, 336.77008056640625
2025/02/21 06:00, 337.147705078125
2025/02/21 06:15, 335.217529296875
2025/02/21 06:30, 338.490478515625
2025/02/21 06:45, 345.456298828125
2025/02/21 07:00, 336.47637939453125
2025/02/21 07:15, 338.0289306640625
2025/02/21 07:30, 340.4207763671875
2025/02/21 07:45, 344.53314208984375
2025/02/21 08:00, 341.343994140625
2025/02/21 08:15, 327.16070556640625
2025/02/21 08:30, 325.94384765625
2025/02/21 08:45, 323.468017578125
2025/02/21 09:00, 305.25640869140625
2025/02/21 09:15, 298.2906494140625
2025/02/21 09:30, 297.7451171875
2025/02/21 09:45, 294.639892578125
2025/02/21 10:00, 282.97442626953125
2025/02/21 10:15, 289.6044921875
2025/02/21 10:30, 282.1771240234375
2025/02/21 10:45, 276.84796142578125
2025/02/21 11:00, 287.71612548828125
2025/02/21 11:15, 278.6103515625
2025/02/21 11:30, 280.37274169921875
2025/02/21 11:45, 289.5625
2025/02/21 12:00, 276.6800537109375
2025/02/21 12:15, 292.7935791015625
2025/02/21 12:30, 283.35211181640625
2025/02/21 12:45, 299.42364501953125
2025/02/21 13:00, 293.42303466796875
2025/02/21 13:15, 291.1571044921875
2025/02/21 13:30, 305.59210205078125
2025/02/21 13:45, 290.611572265625
2025/02/21 14:00, 292.2900390625
2025/02/21 14:15, 301.94140625
2025/02/21 14:30, 317.299560546875
2025/02/21 14:45, 316.33441162109375
2025/02/21 15:00, 306.305419921875
2025/02/21 15:15, 311.4248046875
2025/02/21 15:30, 305.42425537109375
2025/02/21 15:45, 312.7257080078125
2025/02/21 16:00, 313.0614013671875
2025/02/21 16:15, 311.6346435546875
2025/02/21 16:30, 310.16595458984375
2025/02/21 16:45, 310.1240234375
2025/02/21 17:00, 302.82257080078125
2025/02/21 17:15, 300.93426513671875
2025/02/21 17:30, 302.36102294921875
2025/02/21 17:45, 296.066650390625
2025/02/21 18:00, 307.43841552734375
2025/02/21 18:15, 305.5501708984375
2025/02/21 18:30, 318.1387939453125
2025/02/21 18:45, 308.48748779296875
2025/02/21 19:00, 311.92840576171875
2025/02/21 19:15, 319.85931396484375
2025/02/21 19:30, 319.94317626953125
2025/02/21 19:45, 316.586181640625
2025/02/21 20:00, 326.82501220703125
2025/02/21 20:15, 325.146484375
2025/02/21 20:30, 330.1400146484375
2025/02/21 20:45, 329.8463134765625
2025/02/21 21:00, 330.01409912109375
2025/02/21 21:15, 330.391845703125
2025/02/21 21:30, 332.69976806640625
2025/02/21 21:45, 338.0289306640625
2025/02/21 22:00, 328.04193115234375
2025/02/21 22:15, 339.4136962890625
2025/02/21 22:30, 341.260009765625
2025/02/21 22:45, 343.2742919921875
2025/02/21 23:00, 334.8817138671875
2025/02/21 23:15, 331.063232421875
2025/02/21 23:30, 318.8941650390625
2025/02/21 23:45, 329.42669677734375
2025/02/22 00:00, 338.8262939453125
2025/02/22 00:15, 330.1820068359375
2025/02/22 00:30, 330.81146240234375
2025/02/22 00:45, 325.90185546875
2025/02/22 01:00, 331.9024658203125
2025/02/22 01:15, 343.0224609375
2025/02/22 01:30, 336.22454833984375
2025/02/22 01:45, 334.504150390625
2025/02/22 02:00, 331.44085693359375
2025/02/22 02:15, 327.28662109375
2025/02/22 02:30, 322.75469970703125
2025/02/22 02:45, 315.7889404296875
2025/02/22 03:00, 322.2510986328125
2025/02/22 03:15, 332.82562255859375
2025/02/22 03:30, 333.16131591796875
2025/02/22 03:45, 325.48223876953125
2025/02/22 04:00, 341.4698486328125
2025/02/22 04:15, 332.74169921875
2025/02/22 04:30, 326.65716552734375
2025/02/22 04:45, 335.0076904296875
2025/02/22 05:00, 339.3297119140625
2025/02/22 05:15, 336.3084716796875
2025/02/22 05:30, 336.01470947265625
2025/02/22 05:45, 330.391845703125
2025/02/22 06:00, 339.7913818359375
2025/02/22 06:15, 328.7972412109375
2025/02/22 06:30, 340.67254638671875
2025/02/22 06:45, 341.42791748046875
2025/02/22 07:00, 329.678466796875
2025/02/22 07:15, 339.62347412109375
2025/02/22 07:30, 325.65008544921875
2025/02/22 07:45, 329.5106201171875
2025/02/22 08:00, 321.99932861328125
2025/02/22 08:15, 332.5738525390625
2025/02/22 08:30, 307.43841552734375
2025/02/22 08:45, 310.6275634765625
2025/02/22 09:00, 306.59918212890625
2025/02/22 09:15, 298.794189453125
2025/02/22 09:30, 294.1363525390625
2025/02/22 09:45, 277.51934814453125
2025/02/22 10:00, 281.4637451171875
2025/02/22 10:15, 281.5477294921875
2025/02/22 10:30, 266.2314453125
2025/02/22 10:45, 284.0654296875
2025/02/22 11:00, 270.8472900390625
2025/02/22 11:15, 276.26043701171875
2025/02/22 11:30, 293.54888916015625
2025/02/22 11:45, 285.4501953125
2025/02/22 12:00, 289.98211669921875
2025/02/22 12:15, 277.77105712890625
2025/02/22 12:30, 290.52764892578125
2025/02/22 12:45, 286.6251220703125
2025/02/22 13:00, 290.02410888671875
2025/02/22 13:15, 286.6251220703125
2025/02/22 13:30, 292.24810791015625
2025/02/22 13:45, 300.7244873046875
2025/02/22 14:00, 291.7864990234375
2025/02/22 14:15, 292.7935791015625
2025/02/22 14:30, 291.240966796875
2025/02/22 14:45, 292.625732421875
2025/02/22 15:00, 293.71673583984375
2025/02/22 15:15, 300.3468017578125
2025/02/22 15:30, 295.05950927734375
2025/02/22 15:45, 296.48626708984375
2025/02/22 16:00, 293.59088134765625
2025/02/22 16:15, 296.98980712890625
2025/02/22 16:30, 297.451416015625
2025/02/22 16:45, 292.41595458984375
2025/02/22 17:00, 296.5701904296875
2025/02/22 17:15, 300.13702392578125
2025/02/22 17:30, 288.42950439453125
2025/02/22 17:45, 303.87164306640625
2025/02/22 18:00, 301.7315673828125
2025/02/22 18:15, 313.0614013671875
2025/02/22 18:30, 300.89227294921875
2025/02/22 18:45, 318.3486328125
2025/02/22 19:00, 320.5726318359375
2025/02/22 19:15, 324.97869873046875
2025/02/22 19:30, 324.97869873046875
2025/02/22 19:45, 316.87994384765625
2025/02/22 20:00, 328.1258544921875
2025/02/22 20:15, 326.6990966796875
2025/02/22 20:30, 329.04901123046875
2025/02/22 20:45, 327.20269775390625
2025/02/22 21:00, 329.25885009765625
2025/02/22 21:15, 327.83209228515625
2025/02/22 21:30, 335.30133056640625
2025/02/22 21:45, 335.846923828125
2025/02/22 22:00, 332.32208251953125
2025/02/22 22:15, 331.98638916015625
2025/02/22 22:30, 335.7210693359375
2025/02/22 22:45, 334.8817138671875
2025/02/22 23:00, 338.490478515625
2025/02/22 23:15, 342.85467529296875
2025/02/22 23:30, 323.9715576171875
2025/02/22 23:45, 324.22332763671875
2025/02/23 00:00, 329.88824462890625
2025/02/23 00:15, 333.077392578125
2025/02/23 00:30, 335.7210693359375
2025/02/23 00:45, 335.42730712890625
2025/02/23 01:00, 340.21099853515625
2025/02/23 01:15, 335.51116943359375
2025/02/23 01:30, 336.89599609375
2025/02/23 01:45, 336.9378662109375
2025/02/23 02:00, 338.0289306640625
2025/02/23 02:15, 338.40667724609375
2025/02/23 02:30, 346.04376220703125
2025/02/23 02:45, 344.28131103515625
2025/02/23 03:00, 351.7086181640625
2025/02/23 03:15, 342.77069091796875
2025/02/23 03:30, 337.48345947265625
2025/02/23 03:45, 351.07916259765625
2025/02/23 04:00, 353.5130615234375
2025/02/23 04:15, 349.35882568359375
2025/02/23 04:30, 361.821533203125
2025/02/23 04:45, 351.41497802734375
2025/02/23 05:00, 342.1832275390625
2025/02/23 05:15, 366.94097900390625
2025/02/23 05:30, 362.534912109375
2025/02/23 05:45, 363.5001220703125
2025/02/23 06:00, 363.83575439453125
2025/02/23 06:15, 365.0946044921875
2025/02/23 06:30, 363.164306640625
2025/02/23 06:45, 362.99652099609375
2025/02/23 07:00, 366.56329345703125
2025/02/23 07:15, 368.40960693359375
2025/02/23 07:30, 363.164306640625
2025/02/23 07:45, 342.9384765625
2025/02/23 08:00, 346.169677734375
2025/02/23 08:15, 342.26715087890625
2025/02/23 08:30, 328.1258544921875
2025/02/23 08:45, 340.37884521484375
2025/02/23 09:00, 314.11041259765625
2025/02/23 09:15, 324.97869873046875
2025/02/23 09:30, 314.48809814453125
2025/02/23 09:45, 310.04010009765625
2025/02/23 10:00, 296.52825927734375
2025/02/23 10:15, 291.240966796875
2025/02/23 10:30, 294.34619140625
2025/02/23 10:45, 280.960205078125
2025/02/23 11:00, 282.2191162109375
2025/02/23 11:15, 299.7174072265625
2025/02/23 11:30, 273.95257568359375
2025/02/23 11:45, 281.715576171875
2025/02/23 12:00, 271.85443115234375
2025/02/23 12:15, 268.4974365234375
2025/02/23 12:30, 265.224365234375
2025/02/23 12:45, 273.0712890625
2025/02/23 13:00, 267.909912109375
2025/02/23 13:15, 278.8201904296875
2025/02/23 13:30, 278.0648193359375
2025/02/23 13:45, 270.050048828125
2025/02/23 14:00, 286.33135986328125
2025/02/23 14:15, 287.71612548828125
2025/02/23 14:30, 293.5069580078125
2025/02/23 14:45, 289.226806640625
2025/02/23 15:00, 297.53533935546875
2025/02/23 15:15, 309.32672119140625
2025/02/23 15:30, 298.54241943359375
2025/02/23 15:45, 297.70318603515625
2025/02/23 16:00, 299.88525390625
2025/02/23 16:15, 303.70379638671875
2025/02/23 16:30, 312.55780029296875
2025/02/23 16:45, 293.339111328125
2025/02/23 17:00, 292.70965576171875
2025/02/23 17:15, 284.443115234375
2025/02/23 17:30, 289.7723388671875
2025/02/23 17:45, 291.282958984375
2025/02/23 18:00, 293.381103515625
2025/02/23 18:15, 291.57672119140625
2025/02/23 18:30, 302.948486328125
2025/02/23 18:45, 305.25640869140625
2025/02/23 19:00, 319.397705078125
2025/02/23 19:15, 313.56494140625
2025/02/23 19:30, 312.13818359375
2025/02/23 19:45, 317.2156982421875
2025/02/23 20:00, 317.2156982421875
2025/02/23 20:15, 328.04193115234375
2025/02/23 20:30, 325.48223876953125
2025/02/23 20:45, 330.55963134765625
2025/02/23 21:00, 323.25823974609375
2025/02/23 21:15, 344.742919921875
2025/02/23 21:30, 324.93670654296875
2025/02/23 21:45, 330.4757080078125
2025/02/23 22:00, 336.01470947265625
2025/02/23 22:15, 329.8043212890625
2025/02/23 22:30, 333.03546142578125
2025/02/23 22:45, 331.98638916015625
2025/02/23 23:00, 326.32147216796875
2025/02/23 23:15, 337.903076171875
2025/02/23 23:30, 334.33624267578125
2025/02/23 23:45, 336.1826171875
2025/02/24 00:00, 329.636474609375
2025/02/24 00:15, 327.24462890625
2025/02/24 00:30, 331.776611328125
2025/02/24 00:45, 337.69329833984375
2025/02/24 01:00, 333.16131591796875
2025/02/24 01:15, 331.31500244140625
2025/02/24 01:30, 338.78424072265625
2025/02/24 01:45, 332.65777587890625
2025/02/24 02:00, 327.622314453125
2025/02/24 02:15, 331.021240234375
2025/02/24 02:30, 335.38531494140625
2025/02/24 02:45, 336.60223388671875
2025/02/24 03:00, 334.92376708984375
2025/02/24 03:15, 332.95147705078125
2025/02/24 03:30, 341.55377197265625
2025/02/24 03:45, 343.60992431640625
2025/02/24 04:00, 341.21807861328125
2025/02/24 04:15, 338.40667724609375
2025/02/24 04:30, 328.62939453125
2025/02/24 04:45, 333.748779296875
2025/02/24 05:00, 334.00054931640625
2025/02/24 05:15, 327.4124755859375
2025/02/24 05:30, 340.33685302734375
2025/02/24 05:45, 334.71392822265625
2025/02/24 06:00, 339.62347412109375
2025/02/24 06:15, 336.39239501953125
2025/02/24 06:30, 349.73638916015625
2025/02/24 06:45, 345.8338623046875
2025/02/24 07:00, 344.57501220703125
2025/02/24 07:15, 336.26654052734375
2025/02/24 07:30, 339.53961181640625
2025/02/24 07:45, 331.35699462890625
2025/02/24 08:00, 319.14593505859375
2025/02/24 08:15, 316.37640380859375
2025/02/24 08:30, 305.25640869140625
2025/02/24 08:45, 310.2918701171875
2025/02/24 09:00, 305.04656982421875
2025/02/24 09:15, 294.43011474609375
2025/02/24 09:30, 293.8426513671875
2025/02/24 09:45, 294.34619140625
2025/02/24 10:00, 284.5689697265625
2025/02/24 10:15, 281.25396728515625
2025/02/24 10:30, 279.28173828125
2025/02/24 10:45, 279.19781494140625
2025/02/24 11:00, 285.65997314453125
2025/02/24 11:15, 284.0654296875
2025/02/24 11:30, 265.937744140625
2025/02/24 11:45, 273.74267578125
2025/02/24 12:00, 284.86273193359375
2025/02/24 12:15, 280.7923583984375
2025/02/24 12:30, 285.827880859375
2025/02/24 12:45, 279.4915771484375
2025/02/24 13:00, 279.659423828125
2025/02/24 13:15, 282.8485107421875
2025/02/24 13:30, 276.93182373046875
2025/02/24 13:45, 283.31011962890625
2025/02/24 14:00, 290.569580078125
2025/02/24 14:15, 290.65350341796875
2025/02/24 14:30, 291.61865234375
2025/02/24 14:45, 300.178955078125
2025/02/24 15:00, 297.9549560546875
2025/02/24 15:15, 298.3326416015625
2025/02/24 15:30, 307.48040771484375
2025/02/24 15:45, 303.11627197265625
2025/02/24 16:00, 302.235107421875
2025/02/24 16:15, 302.52886962890625
2025/02/24 16:30, 284.86273193359375
2025/02/24 16:45, 307.1446533203125
2025/02/24 17:00, 295.94073486328125
2025/02/24 17:15, 297.53533935546875
2025/02/24 17:30, 284.77880859375
2025/02/24 17:45, 291.282958984375
2025/02/24 18:00, 301.18603515625
2025/02/24 18:15, 302.906494140625
2025/02/24 18:30, 298.71026611328125
2025/02/24 18:45, 308.15179443359375
2025/02/24 19:00, 312.3060302734375
2025/02/24 19:15, 312.64178466796875
2025/02/24 19:30, 311.6766357421875
2025/02/24 19:45, 316.670166015625
2025/02/24 20:00, 321.95733642578125
2025/02/24 20:15, 326.4053955078125
2025/02/24 20:30, 325.90185546875
2025/02/24 20:45, 340.546630859375
2025/02/24 21:00, 336.14068603515625
2025/02/24 21:15, 320.2369384765625
2025/02/24 21:30, 328.7552490234375
2025/02/24 21:45, 324.89471435546875
2025/02/24 22:00, 337.6512451171875
2025/02/24 22:15, 329.594482421875
2025/02/24 22:30, 335.04962158203125
2025/02/24 22:45, 330.4757080078125
2025/02/24 23:00, 338.7003173828125
2025/02/24 23:15, 326.4053955078125
2025/02/24 23:30, 332.32208251953125
2025/02/24 23:45, 329.93023681640625
2025/02/25 00:00, 333.5809326171875
2025/02/25 00:15, 328.965087890625
2025/02/25 00:30, 328.41961669921875
2025/02/25 00:45, 323.845703125
2025/02/25 01:00, 324.93670654296875
2025/02/25 01:15, 324.97869873046875
2025/02/25 01:30, 334.2943115234375
2025/02/25 01:45, 324.6429443359375
2025/02/25 02:00, 330.1820068359375
2025/02/25 02:15, 327.11871337890625
2025/02/25 02:30, 335.217529296875
2025/02/25 02:45, 333.9166259765625
2025/02/25 03:00, 337.31561279296875
2025/02/25 03:15, 325.85986328125
2025/02/25 03:30, 340.00115966796875
2025/02/25 03:45, 339.0780029296875
2025/02/25 04:00, 332.11224365234375
2025/02/25 04:15, 334.8817138671875
2025/02/25 04:30, 342.43505859375
2025/02/25 04:45, 329.72039794921875
2025/02/25 05:00, 335.091552734375
2025/02/25 05:15, 333.03546142578125
2025/02/25 05:30, 327.11871337890625
2025/02/25 05:45, 337.3995361328125
2025/02/25 06:00, 334.9656982421875
2025/02/25 06:15, 331.5247802734375
2025/02/25 06:30, 334.9656982421875
2025/02/25 06:45, 341.80548095703125
2025/02/25 07:00, 335.51116943359375
2025/02/25 07:15, 339.203857421875
2025/02/25 07:30, 328.41961669921875
2025/02/25 07:45, 321.66363525390625
2025/02/25 08:00, 323.13232421875
2025/02/25 08:15, 321.28594970703125
2025/02/25 08:30, 306.09564208984375
2025/02/25 08:45, 306.347412109375
2025/02/25 09:00, 311.25701904296875
2025/02/25 09:15, 294.639892578125
2025/02/25 09:30, 300.43072509765625
2025/02/25 09:45, 286.8349609375
2025/02/25 10:00, 275.46319580078125
2025/02/25 10:15, 275.7149658203125
2025/02/25 10:30, 283.058349609375
2025/02/25 10:45, 291.282958984375
2025/02/25 11:00, 270.1759033203125
2025/02/25 11:15, 278.568359375
2025/02/25 11:30, 287.54833984375
2025/02/25 11:45, 284.69488525390625
2025/02/25 12:00, 279.4495849609375
2025/02/25 12:15, 275.21142578125
2025/02/25 12:30, 284.82073974609375
2025/02/25 12:45, 272.9454345703125
2025/02/25 13:00, 288.0518798828125
2025/02/25 13:15, 284.2332763671875
2025/02/25 13:30, 294.97564697265625
2025/02/25 13:45, 288.93310546875
2025/02/25 14:00, 296.9478759765625
2025/02/25 14:15, 292.91949462890625
2025/02/25 14:30, 295.14349365234375
2025/02/25 14:45, 288.1357421875
2025/02/25 15:00, 291.19903564453125
2025/02/25 15:15, 294.47210693359375
2025/02/25 15:30, 291.912353515625
2025/02/25 15:45, 284.19134521484375
2025/02/25 16:00, 280.62451171875
2025/02/25 16:15, 288.63934326171875
2025/02/25 16:30, 284.77880859375
2025/02/25 16:45, 295.64703369140625
2025/02/25 17:00, 287.92596435546875
2025/02/25 17:15, 285.49212646484375
2025/02/25 17:30, 289.31072998046875
2025/02/25 17:45, 295.5211181640625
2025/02/25 18:00, 300.26287841796875
2025/02/25 18:15, 295.98272705078125
2025/02/25 18:30, 292.16412353515625
2025/02/25 18:45, 294.681884765625
2025/02/25 19:00, 304.291259765625
2025/02/25 19:15, 309.45263671875
2025/02/25 19:30, 311.9703369140625
2025/02/25 19:45, 310.6275634765625
2025/02/25 20:00, 320.2789306640625
2025/02/25 20:15, 319.10394287109375
2025/02/25 20:30, 319.64947509765625
2025/02/25 20:45, 312.3480224609375
2025/02/25 21:00, 324.76885986328125
2025/02/25 21:15, 324.6429443359375
2025/02/25 21:30, 320.44671630859375
2025/02/25 21:45, 324.60101318359375
2025/02/25 22:00, 326.7410888671875
2025/02/25 22:15, 328.33563232421875
2025/02/25 22:30, 323.9715576171875
2025/02/25 22:45, 335.0076904296875
2025/02/25 23:00, 331.35699462890625
2025/02/25 23:15, 332.11224365234375
2025/02/25 23:30, 331.734619140625
2025/02/25 23:45, 323.7198486328125
2025/02/26 00:00, 327.49639892578125
2025/02/26 00:15, 339.11993408203125
2025/02/26 00:30, 326.53125
2025/02/26 00:45, 335.88885498046875
2025/02/26 01:00, 322.083251953125
2025/02/26 01:15, 324.51708984375
2025/02/26 01:30, 322.4609375
2025/02/26 01:45, 319.85931396484375
2025/02/26 02:00, 331.65069580078125
2025/02/26 02:15, 329.72039794921875
2025/02/26 02:30, 337.273681640625
2025/02/26 02:45, 325.56610107421875
2025/02/26 03:00, 336.434326171875
2025/02/26 03:15, 332.5738525390625
2025/02/26 03:30, 329.1329345703125
2025/02/26 03:45, 336.47637939453125
2025/02/26 04:00, 320.9503173828125
2025/02/26 04:15, 332.99346923828125
2025/02/26 04:30, 327.916015625
2025/02/26 04:45, 327.87408447265625
2025/02/26 05:00, 321.87347412109375
2025/02/26 05:15, 329.09100341796875
2025/02/26 05:30, 333.2032470703125
2025/02/26 05:45, 331.8184814453125
2025/02/26 06:00, 325.0626220703125
2025/02/26 06:15, 329.678466796875
2025/02/26 06:30, 335.67901611328125
2025/02/26 06:45, 336.0986328125
2025/02/26 07:00, 327.74822998046875
2025/02/26 07:15, 334.04248046875
2025/02/26 07:30, 318.30670166015625
2025/02/26 07:45, 319.69146728515625
2025/02/26 08:00, 316.670166015625
2025/02/26 08:15, 314.572021484375
2025/02/26 08:30, 308.7392578125
2025/02/26 08:45, 290.73748779296875
2025/02/26 09:00, 293.92657470703125
2025/02/26 09:15, 299.42364501953125
2025/02/26 09:30, 298.2906494140625
2025/02/26 09:45, 298.87811279296875
2025/02/26 10:00, 283.729736328125
2025/02/26 10:15, 281.337890625
2025/02/26 10:30, 284.27520751953125
2025/02/26 10:45, 284.14935302734375
2025/02/26 11:00, 276.80596923828125
2025/02/26 11:15, 284.485107421875
2025/02/26 11:30, 279.7852783203125
2025/02/26 11:45, 277.68719482421875
2025/02/26 12:00, 285.408203125
2025/02/26 12:15, 279.32373046875
2025/02/26 12:30, 274.24627685546875
2025/02/26 12:45, 279.4495849609375
2025/02/26 13:00, 275.505126953125
2025/02/26 13:15, 281.88336181640625
2025/02/26 13:30, 284.82073974609375
2025/02/26 13:45, 283.60382080078125
2025/02/26 14:00, 285.9957275390625
2025/02/26 14:15, 291.66064453125
2025/02/26 14:30, 287.3385009765625
2025/02/26 14:45, 299.59149169921875
2025/02/26 15:00, 288.84912109375
2025/02/26 15:15, 308.6134033203125
2025/02/26 15:30, 312.47393798828125
2025/02/26 15:45, 283.8555908203125
2025/02/26 16:00, 287.842041015625
2025/02/26 16:15, 289.226806640625
2025/02/26 16:30, 294.723876953125
2025/02/26 16:45, 280.41473388671875
2025/02/26 17:00, 300.05303955078125
2025/02/26 17:15, 287.50634765625
2025/02/26 17:30, 297.11572265625
2025/02/26 17:45, 289.85626220703125
2025/02/26 18:00, 291.912353515625
2025/02/26 18:15, 293.54888916015625
2025/02/26 18:30, 302.65478515625
2025/02/26 18:45, 297.03179931640625
2025/02/26 19:00, 305.92779541015625
2025/02/26 19:15, 308.10980224609375
2025/02/26 19:30, 320.027099609375
2025/02/26 19:45, 321.5377197265625
2025/02/26 20:00, 319.64947509765625
2025/02/26 20:15, 321.91546630859375
2025/02/26 20:30, 324.3912353515625
2025/02/26 20:45, 324.05548095703125
2025/02/26 21:00, 324.60101318359375
2025/02/26 21:15, 326.82501220703125
2025/02/26 21:30, 328.54547119140625
2025/02/26 21:45, 320.53070068359375
2025/02/26 22:00, 338.9521484375
2025/02/26 22:15, 311.00518798828125
2025/02/26 22:30, 331.39886474609375
2025/02/26 22:45, 336.39239501953125
2025/02/26 23:00, 332.19622802734375
2025/02/26 23:15, 313.94256591796875
2025/02/26 23:30, 330.55963134765625
2025/02/26 23:45, 328.67132568359375
2025/02/27 00:00, 329.34271240234375
2025/02/27 00:15, 336.14068603515625
2025/02/27 00:30, 331.1890869140625
2025/02/27 00:45, 330.64361572265625
2025/02/27 01:00, 330.72747802734375
2025/02/27 01:15, 329.007080078125
2025/02/27 01:30, 326.15362548828125
2025/02/27 01:45, 329.21685791015625
2025/02/27 02:00, 329.93023681640625
2025/02/27 02:15, 329.678466796875
2025/02/27 02:30, 330.26593017578125
2025/02/27 02:45, 334.67193603515625
2025/02/27 03:00, 330.349853515625
2025/02/27 03:15, 334.46209716796875
2025/02/27 03:30, 329.34271240234375
2025/02/27 03:45, 336.89599609375
2025/02/27 04:00, 325.23046875
2025/02/27 04:15, 336.72808837890625
2025/02/27 04:30, 313.98455810546875
2025/02/27 04:45, 342.98052978515625
2025/02/27 05:00, 322.9224853515625
2025/02/27 05:15, 333.03546142578125
2025/02/27 05:30, 328.1258544921875
2025/02/27 05:45, 327.4544677734375
2025/02/27 06:00, 323.0064697265625
2025/02/27 06:15, 328.41961669921875
2025/02/27 06:30, 343.48406982421875
2025/02/27 06:45, 330.979248046875
2025/02/27 07:00, 342.85467529296875
2025/02/27 07:15, 331.35699462890625
2025/02/27 07:30, 331.5247802734375
2025/02/27 07:45, 329.678466796875
2025/02/27 08:00, 328.67132568359375
2025/02/27 08:15, 304.58502197265625
2025/02/27 08:30, 309.9141845703125
2025/02/27 08:45, 308.2357177734375
2025/02/27 09:00, 301.563720703125
2025/02/27 09:15, 295.64703369140625
2025/02/27 09:30, 294.1363525390625
2025/02/27 09:45, 299.2977294921875
2025/02/27 10:00, 300.26287841796875
2025/02/27 10:15, 282.47088623046875
2025/02/27 10:30, 273.40704345703125
2025/02/27 10:45, 293.92657470703125
2025/02/27 11:00, 283.9395751953125
2025/02/27 11:15, 297.15765380859375
2025/02/27 11:30, 286.41534423828125
2025/02/27 11:45, 289.64642333984375
2025/02/27 12:00, 288.26165771484375
2025/02/27 12:15, 286.03765869140625
2025/02/27 12:30, 287.12872314453125
2025/02/27 12:45, 287.3385009765625
2025/02/27 13:00, 284.485107421875
2025/02/27 13:15, 287.50634765625
2025/02/27 13:30, 289.47857666015625
2025/02/27 13:45, 284.10736083984375
2025/02/27 14:00, 283.058349609375
2025/02/27 14:15, 297.9549560546875
2025/02/27 14:30, 287.6741943359375
2025/02/27 14:45, 293.8426513671875
2025/02/27 15:00, 295.395263671875
2025/02/27 15:15, 294.43011474609375
2025/02/27 15:30, 307.8580322265625
2025/02/27 15:45, 295.437255859375
2025/02/27 16:00, 297.91302490234375
2025/02/27 16:15, 300.09503173828125
2025/02/27 16:30, 302.15118408203125
2025/02/27 16:45, 302.48687744140625
2025/02/27 17:00, 296.822021484375
2025/02/27 17:15, 280.37274169921875
2025/02/27 17:30, 283.60382080078125
2025/02/27 17:45, 293.8426513671875
2025/02/27 18:00, 287.46435546875
2025/02/27 18:15, 296.52825927734375
2025/02/27 18:30, 294.052490234375
2025/02/27 18:45, 299.2977294921875
2025/02/27 19:00, 303.07440185546875
2025/02/27 19:15, 309.2847900390625
2025/02/27 19:30, 315.285400390625
2025/02/27 19:45, 309.2008056640625
2025/02/27 20:00, 321.6217041015625
2025/02/27 20:15, 322.54486083984375
2025/02/27 20:30, 315.49517822265625
2025/02/27 20:45, 313.3551025390625
2025/02/27 21:00, 332.0703125
2025/02/27 21:15, 320.15301513671875
2025/02/27 21:30, 326.11163330078125
2025/02/27 21:45, 325.3143310546875
2025/02/27 22:00, 329.30078125
2025/02/27 22:15, 329.42669677734375
2025/02/27 22:30, 334.21038818359375
2025/02/27 22:45, 323.88763427734375
2025/02/27 23:00, 336.0986328125
2025/02/27 23:15, 335.7210693359375
2025/02/27 23:30, 331.2310791015625
2025/02/27 23:45, 335.2593994140625
2025/02/28 00:00, 333.5809326171875
2025/02/28 00:15, 319.397705078125
2025/02/28 00:30, 333.2872314453125
2025/02/28 00:45, 334.92376708984375
2025/02/28 01:00, 333.6649169921875
2025/02/28 01:15, 333.37115478515625
2025/02/28 01:30, 329.88824462890625
2025/02/28 01:45, 332.74169921875
2025/02/28 02:00, 335.7210693359375
2025/02/28 02:15, 328.1678466796875
2025/02/28 02:30, 330.01409912109375
2025/02/28 02:45, 328.50347900390625
2025/02/28 03:00, 332.2381591796875
2025/02/28 03:15, 331.1890869140625
2025/02/28 03:30, 326.7410888671875
2025/02/28 03:45, 327.622314453125
2025/02/28 04:00, 339.53961181640625
2025/02/28 04:15, 321.453857421875
2025/02/28 04:30, 329.1329345703125
2025/02/28 04:45, 342.686767578125
2025/02/28 05:00, 337.94500732421875
2025/02/28 05:15, 334.3782958984375
2025/02/28 05:30, 337.69329833984375
2025/02/28 05:45, 336.72808837890625
2025/02/28 06:00, 335.5950927734375
2025/02/28 06:15, 328.20977783203125
2025/02/28 06:30, 337.189697265625
2025/02/28 06:45, 337.23162841796875
2025/02/28 07:00, 347.0089111328125
2025/02/28 07:15, 340.1690673828125
2025/02/28 07:30, 343.10638427734375
2025/02/28 07:45, 320.61456298828125
2025/02/28 08:00, 315.36932373046875
2025/02/28 08:15, 309.62042236328125
2025/02/28 08:30, 315.243408203125
2025/02/28 08:45, 310.92132568359375
2025/02/28 09:00, 296.066650390625
2025/02/28 09:15, 298.75225830078125
2025/02/28 09:30, 293.297119140625
2025/02/28 09:45, 287.12872314453125
2025/02/28 10:00, 288.09381103515625
2025/02/28 10:15, 281.12811279296875
2025/02/28 10:30, 289.3946533203125
2025/02/28 10:45, 283.729736328125
2025/02/28 11:00, 278.69427490234375
2025/02/28 11:15, 276.26043701171875
2025/02/28 11:30, 282.2191162109375
2025/02/28 11:45, 287.96795654296875
2025/02/28 12:00, 285.2823486328125
2025/02/28 12:15, 286.499267578125
2025/02/28 12:30, 296.822021484375
2025/02/28 12:45, 282.05120849609375
2025/02/28 13:00, 282.2191162109375
2025/02/28 13:15, 288.3455810546875
2025/02/28 13:30, 292.7935791015625
2025/02/28 13:45, 292.8355712890625
2025/02/28 14:00, 306.72503662109375
2025/02/28 14:15, 290.9892578125
2025/02/28 14:30, 283.51995849609375
2025/02/28 14:45, 291.7864990234375
2025/02/28 15:00, 290.10797119140625
2025/02/28 15:15, 283.5618896484375
2025/02/28 15:30, 287.88397216796875
2025/02/28 15:45, 292.08026123046875
2025/02/28 16:00, 279.86920166015625
2025/02/28 16:15, 276.51220703125
2025/02/28 16:30, 283.51995849609375
2025/02/28 16:45, 289.0169677734375
2025/02/28 17:00, 272.39990234375
2025/02/28 17:15, 281.5057373046875
2025/02/28 17:30, 282.5128173828125
2025/02/28 17:45, 292.03826904296875
2025/02/28 18:00, 278.274658203125
2025/02/28 18:15, 290.48565673828125
2025/02/28 18:30, 289.6044921875
2025/02/28 18:45, 296.2344970703125
2025/02/28 19:00, 306.01171875
2025/02/28 19:15, 305.88580322265625
2025/02/28 19:30, 308.78118896484375
2025/02/28 19:45, 314.11041259765625
2025/02/28 20:00, 311.9703369140625
2025/02/28 20:15, 315.62109375
2025/02/28 20:30, 324.3072509765625
2025/02/28 20:45, 322.50286865234375
2025/02/28 21:00, 324.09747314453125
2025/02/28 21:15, 322.2510986328125
2025/02/28 21:30, 325.3983154296875
2025/02/28 21:45, 326.82501220703125
2025/02/28 22:00, 333.6649169921875
2025/02/28 22:15, 323.8037109375
2025/02/28 22:30, 322.04132080078125
2025/02/28 22:45, 324.3912353515625
2025/02/28 23:00, 326.15362548828125
2025/02/28 23:15, 319.06195068359375
2025/02/28 23:30, 318.012939453125
2025/02/28 23:45, 326.48931884765625
